table,caption,file,source_note
1,The problem statement and the Payday Portfolio response,table_1_the_problem_statement_and_the_payday_portfolio_response.csv,Source: Sections 2 and 3; Appendix F; authors' design.
A1,Evidence base and preparation,table_A1_evidence_base_and_preparation.csv,Source: compiled by the authors; access dates 20 to 25 September 2026.
A2,"Press figures reconciled with the filings, VND billion",table_A2_press_figures_reconciled_with_the_filings_vnd_billion.csv,Source: DNSE filings via Vietcap Securities (2026); DNSE Securities (2026a); press reports cited in Section 2.
A3,Review cleaning log,table_A3_review_cleaning_log.csv,"Source: Google Play (23 September 2026) and Apple App Store (24 September 2026); authors' cleaning code. Text was normalised (Unicode compatibility composition, diacritics removed, lower case) before two rules flagged loan advertising and referral farming. The referral rule fires only where a referral phrase sits next to a code or reward amount and passes 37 test cases. Copy-and-paste duplicates of 20 characters or more were removed, and identical short reviews by different people were kept. VPS is its 1,200 most recent Google Play reviews, from 27 March 2023."
A4,"Sensitivity of the generic-review rule, DNSE Google Play",table_A4_sensitivity_of_the_generic_review_rule_dnse_google_play.csv,Source: authors' cleaning code. The fall in substantive ratings from 2024 to 2025 holds under every rule.
B1,"Income statement summary, VND billion",table_B1_income_statement_summary_vnd_billion.csv,Source: DNSE filed statements via Vietcap Securities (2026); H1 2026 from the half-year statements reviewed by KPMG; authors' calculations. Core pre-tax profit excludes the net result on financial assets at fair value through profit or loss. Negative values are in parentheses.
B2,Balance sheet and main ratios,table_B2_balance_sheet_and_main_ratios.csv,"Source: as Table B1. Return on equity, cost of funds and net interest margin in the last column cover the first half of 2026, annualised. Section 2.4 and Table C2 quote the second quarter alone, when the cost of funds was 6.5 per cent."
B3,"Platform and overhead cost proxy, VND billion",table_B3_platform_and_overhead_cost_proxy_vnd_billion.csv,Source: DNSE filed statements (notes on administrative expenses; cash flow statement; notes on intangible and finance-lease assets); DNSE Securities (2026c); authors' calculations.
C1,DNSE's position on eight measures,table_C1_dnse_s_position_on_eight_measures.csv,Source: VnExpress (2026a); DNSE Securities (2026c); Vietstock (2026c); CafeF (2026); VnEconomy (2026); Hanoi Stock Exchange (2026); DNSE filings; authors' calculations. The trading estimate divides the value of shares DNSE's customers traded by twice the value traded on HOSE plus 7 per cent for HNX and UPCoM.
C2,DNSE against named peers,table_C2_dnse_against_named_peers.csv,"Source: filed statements via Vietcap Securities (2026); company releases for account counts (VPBankS May 2026; TCBS end-2025; VPS September 2025); Vietstock (2026c); authors' calculations. Per-account values are averages that large clients raise at every firm. SSI, with no parent bank, holds 8.6 per cent of assets in deposits and bonds and has a cost of funds of 6.1 per cent."
C3,Competitive landscape of Vietnamese retail brokerage and savings,table_C3_competitive_landscape_of_vietnamese_retail_brokerage_and_sav.csv,Source: company statements and product pages; TCBS (2026); Vietstock (2026b); authors' assessment.
D1,Themes in DNSE's negative Google Play reviews,table_D1_themes_in_dnse_s_negative_google_play_reviews.csv,"Source: Google Play, retrieved 23 September 2026; authors' coding. 278 one- and two-star reviews carrying 1,794 helpful votes. Themes are not exclusive."
D2,"Reliability and trust complaints at three brokers, January 2025 to September 2026",table_D2_reliability_and_trust_complaints_at_three_brokers_january_20.csv,"Source: Google Play (retrieved 23 September 2026) and Apple App Store (retrieved 24 September 2026); authors' cleaning and coding. Reliability covers crashes, freezes, login failures, slow orders and account opening. Trust covers accusations of deception, sign-up bonus terms and account closure."
D3,"Selected DNSE reviews, translated from Vietnamese",table_D3_selected_dnse_reviews_translated_from_vietnamese.csv,Source: Google Play; translated by the authors.
E1,"Findex indicators for selected segments, Vietnam, 2024 fieldwork (per cent of adults)",table_E1_findex_indicators_for_selected_segments_vietnam_2024_fieldwo.csv,"Source: World Bank (2025); authors' indices. Index A averages six indicators of formally held surplus (saving at an institution, monthly saving into an account, storing money in an account, receiving interest, saving for old age, covering two months without income). Index B averages six indicators of digital habit (digitally enabled account, daily internet use, smartphone, weekly card or mobile payment in store, checking a balance by phone, wages into an account). Segment population shares are recovered from the survey itself."
E2,Segment ranks under four weighting schemes,table_E2_segment_ranks_under_four_weighting_schemes.csv,"Source: authors' calculations from Table E1 and the full twelve-segment data. Each criterion is min-max normalised across the twelve segments. Weights on (Index A, Index B, gap, adults with an account but no saving, wage receipt, saving for old age) are 1,1,1,1,1,1 (equal); 3,1,1,1,2,2 (value-heavy); 1,1,1,3,1,1 (scale-heavy); and 1,3,2,1,1,1 (reach-heavy). With about 1,000 interviews, the 15-to-24 group rests on roughly 180 respondents, so small differences in rank sit within sampling error."
E3,Customer segments and objectives,table_E3_customer_segments_and_objectives.csv,"Source: Sections 2.2 and 2.7; World Bank (2025). Sizes and barriers are hypotheses for internal data to test. KPMG Vietnam (2025) expects 68.2 per cent of households to earn more than USD 5,000 a year by 2028."
F1,Register of assumptions and derived measures,table_F1_register_of_assumptions_and_derived_measures.csv,Source: authors.
F2,Alternative explanations tested,table_F2_alternative_explanations_tested.csv,Source: Sections 2 and 3; Appendix C.
F3,Never-Sleeping Account and Payday Portfolio,table_F3_never_sleeping_account_and_payday_portfolio.csv,Source: DNSE Securities (2026b); authors' design.
F4,"Customer concerns, design responses and published proof",table_F4_customer_concerns_design_responses_and_published_proof.csv,Source: Appendix D; authors' design.
F5,Outcomes 18 months after launch (all inputs are assumptions),table_F5_outcomes_18_months_after_launch_all_inputs_are_assumptions.csv,Source: authors' projections (Appendix F1; Figure F1).
F6,"Priority assumptions, tests and thresholds for Round 3",table_F6_priority_assumptions_tests_and_thresholds_for_round_3.csv,Source: authors' design.
G1,Assessment of the proposed features and technology add-ons,table_G1_assessment_of_the_proposed_features_and_technology_add_ons.csv,Source: Ministry of Finance (2020); National Assembly (2019); Market Times (2026); DNSE Securities (2026d); authors' assessment.
