Item,2021,2022,2023,2024,2025,Jun 2026
"Margin loans and advances, VND bn","1,192","2,280","2,483","3,882","5,832","6,303"
"Deposits and bonds held to maturity, VND bn",883,"2,824","3,495","5,103","6,266","5,714"
"Total assets, VND bn","2,315","6,409","7,446","10,637","15,139","15,208"
"Borrowings and bonds, VND bn","1,224","2,735","3,643","6,494","10,600","9,446"
"Owners' equity, VND bn","1,059","3,136","3,305","4,030","4,302","5,440"
"Investor cash (off balance sheet), VND bn",435,251,790,"1,340","2,903","1,961"
"Pre-tax margin, %",37.7,21.0,40.0,28.2,23.3,13.2
Brokerage revenue as % of direct cost,174.9,114.0,60.9,82.8,86.9,83.3
"Return on equity, %",8.9,3.7,7.1,5.0,6.5,3.8
Loans as % of equity (ceiling 200),112.6,72.7,75.1,96.3,135.6,115.9
"Estimated cost of funds, %",6.5,6.8,7.3,4.1,5.1,6.3
"Net interest margin, %",6.2,5.4,4.8,5.0,4.2,3.5
