Item,Type,Effect if wrong,How Round 3 tests it
Segment sizes and barriers (Table E3),Hypothesis,Wrong target or message,DNSE internal data; Findex microdata; survey
Share of dormant accounts held by intenders,Hypothesis,Enrolment falls short,Test 1 (survey and internal data)
Automation and trust features raise funding,Hypothesis supported by research abroad,Concept fails the pilot,Tests 2 to 4
"Scenario inputs (savers, contribution, retention, fee yield)",Assumption,Outcomes change in proportion,Pilot read-out at month 6
Platform cost proxy,Derived proxy,Level may be over- or understated; trend reliable,DNSE management accounts
Cost of funds for DNSE and peers,Derived,Line 24 may include more provisions than assumed,Notes on borrowing terms
Account counts differ in date and definition,"Measured, mixed dates",Per-account values shift by up to about 10 per cent,Internal account register
App reviews are self-selected,"Measured, biased sample",Levels overstate dissatisfaction; comparisons across themes and apps are more reliable,Complaint logs; customer survey
Gen Z share of DNSE accounts,External estimate,Weaker or stronger mismatch,DNSE demographic data
Regulatory feasibility,Assumption,Launch delayed,Test 5 (compliance review and SSC notice)
