Item,2021,2022,2023,2024,2025,H1 2026
Operating revenue,180.7,452.1,714.5,807.4,"1,457.9",848.2
Interest on margin loans and advances,42.7,223.1,286.2,360.5,555.8,336.1
Interest on deposits and bonds held to maturity,20.1,112.9,196.0,245.0,303.9,193.4
Brokerage revenue,90.0,84.8,67.6,144.8,404.0,222.1
Direct brokerage cost,51.5,74.4,111.1,174.8,464.9,266.5
Interest expense plus line 24,23.9,172.2,233.6,210.6,429.8,324.1
Administrative expenses,14.8,37.1,94.3,151.9,181.4,95.4
Pre-tax profit,68.2,95.0,285.6,227.5,340.2,111.6
Net proprietary result,(4.4),(61.3),158.0,6.8,146.2,33.9
Core pre-tax profit,72.5,156.3,127.6,220.7,194.0,77.7
