Theme,Negative reviews,"Share of negative reviews, %","Share of helpful votes, %"
"Crashes, freezes, login failures, slow orders",76,27.3,21.4
"Account opening, identity checks, one-time passwords",59,21.2,17.9
Explicit accusation of deception,49,17.6,28.2
"Sign-up bonus terms, rewards not received",24,8.6,17.8
"Deposits not credited, withdrawal delays",14,5.0,6.7
"Cannot close the account, closure fee",10,3.6,11.3
"Any trust theme (deception, bonus terms, closure)",67,24.1,42.9
"Any product theme (stability, onboarding)",118,42.4,34.1
"Idle-cash product (Never-Sleeping Account), all reviews","3 mentions, all positive",,
