review_id,rating,date,thumbs_up,author,text
d9dc5d6c-1d4a-4360-bda9-eeebe15a8a63,1,2026-09-08,5,tran phong,"app gì mà tối ngày hệ thống giao dịch nâng cấp? nâng cấp thì sau 19h30 hãy nâng cấp, phải cho người ta đặt lệnh chứ? cty chứng khoán gì mà không cho đặt lệnh mua bán lúc cần à, không tôn trọng khách hàng."
4569bba9-9482-4c15-a1a5-1234994f8696,2,2026-08-19,0,Hana T.,"thật sự càng nâng cấp càng thấy tệ, hồi xưa giao diện đơn giản mà hiệu quả dễ dùng, không thấy lỗi như giờ"
66d1e358-230f-4115-b5a8-d73f383678da,4,2026-08-04,0,Yen Tran,"như app cũ ngày xưa dễ dùng hơn, mục quản lý tài khoản tốt hơn, nhìn 1 cái là biết các thông tin cần biết, giờ đơn giản nhưng khó để quản lý tài khoản hơn"
2d497bb8-3f85-4e82-a158-3da32d2ac42f,2,2026-08-03,1,Đông Lưu,cập nhật biểu đồ mới mà load mãi ko xem được
b88a8266-39bf-4f9f-ae09-03196e449c0d,5,2026-08-02,0,Hoàn Cao,ứng dụng tốt
1dff423a-74ce-484c-a232-6e375d58709c,3,2026-08-01,0,Yin Yin,Nâng cấp app xong mắc gì bắt đổi mk?
bca2db7b-220b-4206-9fef-6c8b9df87cd2,5,2026-07-22,1,Duong Elvis huy,ok
195f2aee-f1b8-4407-9c70-7c4aff43cc4a,5,2026-07-21,5,Toan Nguyen Nhan,app tốt dễ nhìn thế này sao mọi người lại kêu nhỉ ☺️ có thể hiện thông báo bằng tiếng việt được không chứ ngôn ngữ Việt mà toàn thông báo bằng tiếng anh
5271c279-b2cf-41d7-9657-54c9aca7a0bf,1,2026-07-09,1,Truyền Nguyễn,"trang web kỳ này sao bấm vào là cứ tối đen không thể vào được???, thật sự là mất thời gian khi đã đầu tư mà không thuận lợi để giao dịch???"
a80b401f-8158-4820-b20f-1d4b65ba0023,5,2026-07-08,0,Hồng Sơn Phạm,hay lỗi quá
38963938-f583-43e8-900c-e9cb8af0aea7,3,2026-06-18,2,Thùng thư cá nhân,"Trong app có tùy chọn các loại thông báo để chọn nhưng tắt không được, ngày nào cũng gửi bản tin chứng khoán. Tắt trong android thì tắt hết mất luôn thông báo biến động tài sản. IT sửa lỗi dùm"
569db8ce-29d6-4b61-9080-de7d11953dea,5,2026-06-06,1,Ka Ka,tot
81527167-45fd-4b6c-b7ec-cc60f2fdd3b9,3,2026-05-04,2,Tuong Tran,sd ổn hơn
049a13c2-136c-489c-ab76-c98d516dda21,1,2026-04-23,1,tran hung,"app sài bất tiện nhiều vấn đề, 1. biểu đồ nến bấm k ra, tự reset lại, phải bấm nhiều lần giao dịch mất nhiều thời gian, làm giá trượt giá (thiệt hại cho nhà đầu tư) 2. xác thực otp dở vào bất tiện khi chuyển đổi dt khác (adm học cách làm xác thực theo app authenticator nhé chuẩn quốc tế). 3. còn nhiều bất tiện khác.... nhắn tin mệt quá"
e584ca97-3e9c-4f01-b034-f0efd76f48d9,5,2026-04-12,0,Hoàng Nguyễn,ứng dụng tốt
638a0d31-7025-4783-834d-cf47893a25d0,2,2026-04-08,0,NTONE,"ứng dụng thiếu tính linh hoạt, khi vào trang bảng giá, để quay lại trang chủ để xem các thông tin khác rất khó thao tác, bấm quay lại thường bị thoát ứng dụng luôn"
8c87dab1-42cd-4ba7-ab4e-27243cc6c818,5,2026-04-08,0,Quảng Nguyễn,rất hài lòng
542d6676-9ed9-47d6-b391-d559f7d55781,5,2026-03-22,0,THAI LE,hay
d9809f53-d772-44c1-8d71-ea4b29c74cb4,5,2026-03-16,0,Đạt cá lóc,tốt
3c0744c8-b766-441a-af7b-e0c892b539bf,5,2026-03-15,0,Monsieur THoang,"app ngon, ít chức năng màu mè hơn các app khác nhưng mượt, ít lỗi"
cef7017d-1470-4f6b-b52d-52ab1c2aa12d,5,2026-03-04,1,Thanh Tùng,"sau khi chờ 5 ngày k dc duyệt đăng kí của tcbs. chán nản tải thử fpts test thì thấy app chạy khá ổn định, mượt hơn hẳn, support cũng ok. dki thì mất chưa đến 5p. lại dc chọn số tk theo ý thích. FPT vẫn hơn hẳn mấy app ck của bank, kiểu mở ra cho có, support thì toàn cãi nhau vs AI"
277618ee-5616-4d30-9c88-38f896e7f401,1,2026-02-02,0,lam le,không cài được ứng dụng trên Android 16
3f13e1d5-b5ab-4ccd-8533-140b1a8d3d94,1,2026-01-27,2,Thai Nguyen Đinh,"cứ vô là phải cập nhật phần mềm, phiền quá"
b5991b06-0d9c-4948-9800-a22e201e9df3,1,2026-01-01,2,Huấn Nguyễn,app j toàn nâng cấp ko vào được
0aa52157-1a58-4482-805e-cc70559fb3de,5,2025-11-07,0,Luyen Do,"phần mềm chạy tốt nhưng tốn điện quá,máy cũ chạy phiên sáng đã hết cả pin,phải sạc buổi trưa ko chiều ko có máy chạy.vẫn cho 5 sao.làm thế nào để đỡ tốn điện thì tốt."
e5bd7978-8898-4f7d-853c-c9417d5d547c,1,2025-10-30,6,Đăng Võ Nguyễn,"Đăng ký smart otp nhưng bắt nhập mã otp từ ứng dụng đang cài đặt smart otp để xác thực là sao mấy ba, đang đăng ký làm gì có mã smart otp mà nhập ? Logic gì đây"
7d39ba3f-13af-4f36-a8bc-450082cd34f0,1,2025-10-13,2,진문성,Tập đoàn lớn có bán máy tính bảng mà sao không thử mở app bằng máy tính bảng coi có tương thích không? Bản cập nhật hiện tại 10/10/2025 vẫn không xem được kiểu ngang trên máy tính bảng.
f775fbec-60f2-43d5-9dee-914c47f8814c,1,2025-10-10,3,Def Abc,Tại sao mà cứ bắt người dùng cập nhật gần như hàng tuần luôn vậy. Cập nhật xong có thấy cái gì mới hơn đâu quá khó chịu.
f2b99ff6-9ee5-4840-8cdf-4fb62f344175,2,2025-10-10,0,Canh Đinh,qaa
17ea50c1-9230-4c24-bf5a-72aa4401481f,5,2025-10-04,0,huy nq,"Giao diện đẹp, dễ sử dụng"
a1879bc7-d202-40f7-8471-a7140704a967,1,2025-10-03,0,Sơn Lê,Làm sao để ứng dụng full màn hình trên máy tính bảng?
7c6a3dcb-974d-4eb9-bbd8-f3f7eeb7123b,1,2025-10-02,2,Trịnh Chiến,quá phiền hà
184787fd-0746-4057-96f1-0ded89ed7584,2,2025-09-27,1,Văn Phương Nguyễn,"danh mục theo dõi muốn xóa nhiều 1 lúc mà không có,lại phải xóa thủ công từng mã,cứ như thời 2g vậy"
b1cb32ea-32b2-4e68-91cb-b58648f2130a,1,2025-09-23,8,Hanh Le Cong,"app bị khùng, như cc. App lưu lịch sử những mã chứng khoáng đã search nhưng không cho người dùng xóa lịch sử này, khi nó dài nhìn rất phiền Gỡ app cài lại thì phải cài lại smart OTP, lúc cài lại smart OTP thì báo phải nhập mã OTP trên thiết bị đã đăng ký OTP?? Là sao mấy cha?"
b047068d-0600-432f-b4c7-294fb9763121,2,2025-09-22,2,1991 didaudo,Ứng dụng ko có chổ rút tiền rõ ràng..tìm mãi ko thấy
0c5053ef-0260-4981-a5da-22c69cdf23cc,1,2025-09-17,0,Hùng Doanh Nhân HPT,App ăn bớt tiền của nđt. Mọi người để ý kẻo mất tiền oan
e5a6894d-8449-49ec-9c8e-cf087e8cf40c,5,2025-09-17,0,Khoa Bùi,Rất hài lòng
0c25075b-a023-4a84-8a9f-5ab030736817,4,2025-09-11,0,hieu nguyen van,good
25b0cfc3-6c52-465b-9dd3-7e9583609f9a,1,2025-09-10,0,Quang Tran,Rất khó xem. ko hiển thị được toàn màn hình máy tính bảng
8d945df3-b155-465b-abc0-7b43355d01f8,5,2025-09-09,0,Truyen Huynh,rất ok
52210974-6925-4d0d-8057-7062cea2e8af,1,2025-08-30,0,Do Van Dao,"quá tệ so với VND, SSI, VPS. Công ty FPT hàng đầu mà để APP tệ thế"
45297334-510a-473d-9e7e-2f1668aeeea4,5,2025-08-30,1,Thái Hà Văn,tuyệt vời
03c95b30-178b-4faa-8c5c-4ee72e3a3d8b,2,2025-08-29,1,Nguyen Van Nghiem,app cty phần mềm nhưng tuần nào cũng đóng nâng cấp
d4b925bb-8bd9-475f-8fcc-fbf19b595069,2,2025-08-22,17,Dong Kisho,"app mờ tịch, ko thấy gì hết, chọn cp nó mở lên toàn số, biểu đồ núp ở dưới, ko giống ai. DẸP QUA SÀN KHÁC, THUA RỒI."
f7d02006-f7d4-4c4b-83e9-64b3c5c9a6bb,1,2025-08-22,2,thihongtham ngo,hay bị đơ lắm nha. với tại sao gần 10 h rồi mới đặt lệnh bán mà giá treo khớp lệnh cho tôi lại thấp hơn giá tôi bán. áp bị khùng à. ai dám đầu tư nữa
ccc243fa-6a6a-453f-bfe7-85e28f7ad3c9,5,2025-08-16,0,Tuan Tran Anh,rất dễ sử dụng
f345bbbb-bf76-4d25-a592-712c93cb26d0,1,2025-08-06,0,min min,tại sao không cho chụp màn hình giao dịch??? cập nhật gì mà kì quá
45f3f93b-3e05-44bf-8b25-caa0de4261fc,3,2025-08-05,1,Đức Hiệp Hoàng,"ko xem đc bảng điện tử trực tiếp như phiên bản cũ, phiên bản mới ko thấy có gì đặc sắc hơn mà chỉ rối mắt, khó nhìn"
38052339-ba1b-4a12-a528-26c8ca0579a8,1,2025-08-05,0,Tan Nguyen,app này bị đơ đúng thời điểm nhảy cảm. Thiệt hại cho nhà đầu tư rất nhiều
ebd12fb6-0b0d-4bf6-bd07-475480db5123,1,2025-07-23,3,Hiu Le,App ko cho Chụp Màn Hình...thật ko đáng tin
3aaf0ac4-7a8f-46bb-a1b4-bd514e7ca91d,1,2025-07-22,1,Híu UPCoM,App có vấn đề gì mà ko cho khách hàng Chụp màn hình để biết và ghi nhớ số lượng Cp người ta đang nắm giữ?
006ed48c-b211-4471-9ff0-9876782cf77d,1,2025-07-22,6,VÕ DUY PHƯƠNG,App bây giờ chặn không cho chụp lại màn hình lại. anh em giao dịch xong ghi chép cẩn thận nhé. để coi chừng tài khoản bị trừ.
14058189-2e09-45bb-a3a2-fddb8022d6ee,1,2025-07-22,1,my tram Ha,app mới update lỗi quá. vào không được mà tình trạng lại xảy ra thường xuyên.
834c0825-66a9-4607-a2bb-c0890b943b20,5,2025-06-28,2,Son Pham,cảm ơn fpts đã lắng nghe và thấu hiểu
29bd63b5-cb1d-483d-8330-b5cceb2462f4,5,2025-06-23,1,Tuan Nguyen,"xin lỗi, tại chưa sử dụng thành thạo app mới nên hiểu lầm, đã rút tiền thử thành công rồi"
16588443-f526-4e74-a731-11b9c57373da,5,2025-06-19,1,Ngân Khánh Chu,cũng được
8d3dbc15-3c3e-479b-ac65-5731bbed8256,1,2025-06-16,6,Thanh Le,"app nâng cấp khó sử dụng, nhập lệnh mua bán treo suốt, sẽ bán hết cp đóng app chuyển cty ck khác."
42592088-8f2b-4457-9a23-39c581f7cf6c,1,2025-06-13,4,Nguyễn Đắc Bộ,ứng dụng nâng cấp rất khó sử dụng. Quá bất tiện
3a439f03-e7f1-4640-8eae-3315fb7be755,1,2025-06-11,0,Hoàng Anh Nguyễn,cty ck BỰA. mỗi lần rút tiền thu phí 11k. bảo sao bị đánh giá 2.7* 😂😂
5393e0c1-1861-4b73-8f06-37e73bedc9c2,2,2025-06-09,2,Nhi Nguyen Phuong,"App mới giao diện thì đẹp nhưng lag kinh khủng, thao tác vào lệnh lô chẵn lẽ thì rườm rà."
89de2237-b741-4220-ac6c-284b117f6e37,1,2025-06-04,1,Thiên Thần Tuyết,ko thể vào đọc đc tin tức thông báo của cty. làm thế nào để dùng lại app củ
8b813619-f783-4eee-a05c-c800a891ce6d,4,2025-05-30,2,Van Dang,ok hơn app cũ nhiều. mặc dù đôi khi bị lỗi tài sản về 0.
fd69922b-8b45-46f9-82c5-06fd22693c89,1,2025-05-28,9,Dao Khanh Toan,"tôi thấy nên dùng app cũ, cải tiến bổ sung gù thì thêm, app này dùng quá tệ."
347cea34-89d1-4b7d-b351-915c7a76121a,5,2025-05-27,1,Nam Phạm,"chỉ cần nhớ mật khẩu thì có thể kiểm tra được TK .khi cần mua bán đặt lệnh thì mới phải dùng đến nhập mã OTC.Nên vừa bảo mật, vừa không bị khống chế thời gian."
b5b9b37d-0b48-4c19-ac49-124903eae95d,1,2025-05-26,4,vo ly,"quá rắc rối, cải tiến lùi"
3127c3e6-ff17-4cb9-a9b5-702a59823672,1,2025-05-25,4,VIỆT NAM QUÊ HƯƠNG TÔI SỐ 1,"Thao tác rất không nhanh, nhập lệnh lại hiện ra cái che đi nên lỡ mất."
7bc22ea4-1adf-4932-8dee-e728176d0c7d,1,2025-05-23,2,Phuong Sayaka,"giao diện mới quá khó chịu, khó nhìn, khó sử dụng. có thể trả lại phiên bản cũ không!? thực sự quá bực bội. ctyck nào cũng miễn phí chuyển tiền. chỉ mỗi fpts là thu phí trên trời mãi"
8a8b1ad2-730f-48c1-97d8-416193212bdc,1,2025-05-23,6,so khanh,"khó hiểu. thao tác rườm rà, tốn thời gian khó theo dõi các mã Tk"
a8bb877e-f993-4888-895d-b9bac7eb3037,1,2025-05-21,1,Xuân Hoang inox đăk nông LÝ,Không ok
373684fa-e10d-4f9a-8543-de85f14d661c,1,2025-05-20,1,TRƯỜNG AN PHẠM,ứng dung gì mà tệ quá
f426c932-6170-402a-983d-1bff1f392ddc,1,2025-05-20,0,Ngoc Nguyen Nhu,"ưng dung moi rất tệ, chê"
b06bad6e-78aa-4a2b-bad5-cec543324de5,5,2025-05-18,4,Minh To thuy,không ưu điểm so với cũ
1446750b-ef37-48bd-b4f6-ed294868a200,5,2025-05-17,1,An Nguyên binh,Mô Phật
c3fd613a-1970-47e6-9bbc-3aecc0779b7d,1,2025-05-16,1,Quốc Huy Hoàng,giao diện này nhìn rối mắt quá
5dbf7332-44c1-4918-8b85-0b36239c4c68,4,2025-05-14,0,Đình Tuân,Tại sao tôi đăng ký phương thức đăng nhập bằng vân tay thì app bị out vậy?
65c2358a-15f3-47e6-8ec7-67a6c8db882d,2,2025-05-12,3,Loan Phan Thanh,"Dùng không tiện như app cũ, có thể do mới nên chưa quen. Cho hỏi thêm: mình đã cài đặt app hoàn chỉnh rồi mà mỗi lần mở vẫn bắt phải nhấn nút cài đặt là sao bạn?"
baec35ac-afa5-42e1-9db7-38f70271783b,1,2025-05-11,0,Gia Minh Doan Huynh,Đội ngũ thiết kế app của FPTS không có kiến thức về trải nghiệm khách hàng à?
fabcf225-8ca7-4933-8430-954a8b609cbf,1,2025-05-09,2,Dương Trần,App tệ quá. khó xài quá
59d0d4a6-8823-479c-971f-5ff8c6907764,1,2025-05-09,2,Quang Sơn Nguyễn,đơ
9b1395c0-7e79-460c-beff-5428c84fe541,1,2025-05-08,1,Thúy Trần,:( ko thích thiết kế này
7b2b1dc8-9378-461d-8dc4-2adae77caebc,1,2025-05-08,1,Nghia Tran,app này ko bằng app cũ
06a1fb36-d9ee-4fd5-8bfd-9fbbfd8e3346,3,2025-05-08,8,Phong Hồng,giao dịch phái sinh là sao vậy sàn? kích hoạt có bị tính phí không?
43b3b606-07af-4b34-ae44-7fab574eccf1,1,2025-05-08,0,huu quang,"app quá tệ, cứ vào sử dụng là bị đơ , ko sử dụng được."
fb3fd762-6fc4-4c27-b2ee-9225964fc99c,1,2025-05-07,2,nghia nguyen,app mới khó sử dụng
d1971cfb-cda1-4034-8ba7-b9c31d97ec40,1,2025-05-07,2,Hùng Nguyễn,"kéo danh mục lên xuống thì toàn bị quẹt vào item của danh sách rồi hiện các tùy chọn ghim hay mua bán, làm sao để cuộn danh mục được. xoay ngang hay mở rộng khí quay ra quay vào quá bất tiện."
c6dafedc-ae76-42b9-bb18-79b6a60e8466,1,2025-05-07,4,Trí Nguyễn,không phù hợp app củ tốt hơn chắc phải sang cty khác
2ca7a269-9a5a-4415-a9eb-e2817e0ae56c,2,2025-05-07,4,Ut Ga,sản phẩm quá tệ.
c1e30c71-5355-48de-a96b-f45f6c44e8b5,1,2025-05-07,0,Thanh Dong,tệ
dd0527a0-5cc7-4983-accc-a121b00cf1a4,1,2025-05-07,10,Phuong Lee,"Giao diện tệ hơn app cũ. Các mục quản lý rườm rà, không trực quan như app cũ. Phần tiền lãi vay của margin có gì mờ ám hay sao mà không hiển thị như trên app cũ."
baad98a7-6c8d-4c7e-bace-be1b2f23ce4e,1,2025-05-06,20,NGUYỄN VĂN TUẤN,"làm ơn giữ lại app cũ đc k?. app này tệ quá, app cũ đơn giản, dễ xem, để giao dịch. app mới này mà ai chưa rành về chứng khoán chắc cảm giác khó sài lắm. người ta hướng về cái đơn giản mà hiệu quả, đây làm nó khó hơn làm gì. app cũ quá OK mà sao lại phải làm app này cho mệt vậy. không chỉnh sửa OK như app cũ đảm bảo mất hết khách hàng. app khó nhìn, khó sài bỏ mẹ ra. app cũ OK mà sửa làm j trời"
374bff9b-9d42-4313-b1a3-dda558688998,5,2025-05-06,1,Quang Khải Nguyễn,ok
e3a72620-3656-44aa-bbde-858a5b8ae048,1,2025-05-06,5,quang bach,nên để giao diện cũ
d05ed698-29ee-4f55-8e3e-91bbaaaf3d80,1,2025-05-05,4,OANH HUỲNH,"Dở tệ, rối rắm hơn giao diện, chương trình cũ. Màn hình lại bị thu hẹp. chán. App cứ bị đứng hoài. Dùng không thông chắc đổi qua cty chứng khoán khác."
944891e5-153c-4a5e-ad7d-aa4a9df25e59,5,2025-05-05,0,Chi Đặng,"App mới này có thêm nhiều tiện ích hơn app cũ, mới dùng có thể chưa quen, nhưng quen thì dùng rất ok."
336598d8-3409-438f-8ea8-29e0ea1df6dd,1,2025-05-05,1,Hậu Đỗ,"Chạy bị giật, đơ ko mượt. Giao diện xấu, phái sinh chưa tích hợp"
b6211f6a-f099-4647-a7c1-70861013f9c8,1,2025-05-05,2,Thăng Đao,Làm on xóa áp di dược ko deo hiểu thằng nào nghĩ ra nửa
20098614-42c6-433b-be95-d547cdec7f8d,1,2025-05-05,2,Hoa Thien,"rắc rối, đề nghị quay về app cũ"
603dcc38-3ee8-46bf-aca2-e4583db673fd,1,2025-05-05,0,Tung Vu Hoang,"khó dùng, phức tạp ah"
8cd91780-9023-45bc-9f10-7f4babe7bef0,1,2025-05-05,2,Yen Dinh thi,phần mền bất tiên hon phần mền cũ
eb22df7d-eeb7-400e-a9a1-c53025316ea9,1,2025-05-05,3,haiyen nguyenthi,Mình thấy phiền
5705962e-98f8-4bb2-8200-f321a81908eb,1,2025-05-05,3,thai tran,tôi thích công ty FPT nên tôi chọn ck fpts. không ngờ dịch vụ lại quá tệ. không thể chấp nhận được. hợp đồng ký quỹ đến ngày gia hạn thì lại không cho khách giá hạn. bắt khách trả hết tiền hợp đồng trong vòng 2 ngày. cũng may là có tiền sẵn để trả chứ không lấy tiền đâu ra trả. làm ăn như trộm cướp. thất vọng cực kỳ cái công ty con này.
97a11f49-e361-4455-b516-6fa40202b569,1,2025-05-05,3,Linh Nguyen Duc,Giao diện như chọc vào mắt. thay đổi mà lại tù đi :(
fa1c2d43-31e4-4f35-aa46-3476da888985,1,2025-05-05,0,nu nguyen,"mang tiếng fpt mà phần mềm cùi vào toàn bị đơ và treo luôn điện thoại, phần mềm mới gì mà rởm hơn phần mềm cũ chắc bỏ fpts dùng bên CTY khác thôi"
783244b1-c709-45e4-adaa-a0ce15bd7d68,5,2025-05-05,0,Nam Nguyen,So với app cũ thì mk thấy app mới có phần widget để theo dõi giá trực tiếp mà không cần phải login vào app rất tiện ạ
c9c8617a-8be9-432b-b674-04f1997b32f5,1,2025-05-04,9,Tin Nguyen Van,"Ôi trời, mới thử phần mềm mới, nhìn rối mất, lộn xộn hoa lá cành lung tung. 1/ 1 cty phần mềm nên có nguyên 1 team để xem xét, chỉ đơn giản thêm 1 option là : giao diện cũ / giao diện mới. như vậy sẽ an toàn hơn khi thay đổi.khách hàng tùy chọn giao diện họ muốn cho giai đoạn đầu. 2/ 1 phần mềm đỉnh cao là 1 phần mềm đơn giản, dễ hiểu. khái niệm này áp dụng cho mọi lĩnh vực, đơn giản mới là hoàn thiện....ai lại đi làm thành 1 phần mềm hoa lá cành lung tung thế."
761377fb-7e19-434c-a265-1fda3d779952,3,2025-05-04,5,Thien Nguyen Huu,"app chưa thân thiện với người dùng, còn kém hơn MBS, TCBS nhiều lắm"
d3ef36ff-178c-4935-8f81-690825464c6b,1,2025-05-04,5,Thanh Nguyên,"cái app qua tê, không sử dụng smart OTP, câp nhât phát tụ dung bat dùng smart OTP gio cai dat cung không đuọc bao smart otp ko đúng. gio tai khoảng không giao dịch được luôn. toi muốn rút tièn về tai khoang ngân hàng và ko muốn dùng ap cua fpts. 1 sự vô trách nhiêm vơi KH khi nâng cấp app lên KRX. app nay chưa xứng đánh 1 sao."
720eb7ab-bc60-4794-aa5c-089849d50fc4,3,2025-05-04,3,Minh Tran van,khó hon trước
0b19e3dd-5182-4320-ad7e-16fde3b5e650,1,2025-05-04,18,phu phu,"quá rối, màu mè không hài lòng, yêu cầu công ty nghiêm túc xem lại...sau 10 ngày không cải thiện sẽ chuyển công ty và xoá vĩnh viễn... chỉnh mặ định tăng giảm cp về gía trị đi để % rối.lăm"
b02ca10d-98c7-4907-8f0f-02c4198f74bb,3,2025-05-04,4,Trung Ho,"tốc độ chậm,"
07bfc416-79a3-4e5a-9653-3d3697a0e468,1,2025-05-04,0,e x,quá tệ
17b7b784-e6b1-49b9-af23-4054858329bc,1,2025-05-04,3,Minh Duy Giải trí 102,không thể mở app
c3fb55c7-5dfa-4b03-8c08-63f9b10a9319,3,2025-05-04,6,Phong AKA vlog,app tệ quá khó nhìn hơn app cũ
db3ee217-015f-4a28-81c7-c527702e0010,1,2025-05-04,6,tên không,Không xài được. Phiền quá
fc839a17-fc0b-4343-b103-46289d657eda,1,2025-04-29,4,Kiên Hoàng,Bấm xem lô lẻ không hiện. quá nhiều thứ linh tinh không cần thiết trong cùng 1 giao diện rối mắt. Tốc độ load chậm
68e99ed3-0c8d-4b6e-8db5-ad67a13bf5ac,1,2025-04-28,1,Dat Nguyen,giao diện rối mắt. Thông tin khó coi khó thao tác không như app cũ
d52fb806-22f5-4e01-bf43-ffcb9a706d40,2,2025-04-28,4,Tien Huynh,cập nhật mới nhất ko thể hiện biến động tài sản so với hôm trước (bao nhiêu tiền của tổng tài sản). NDT muốn coi thông tin này vào mọi lúc.
0902beaa-beae-40f0-b3c6-d5e92cde6a2d,1,2025-04-28,8,van Hung,"app quá tệ. không hiểu 1 công ty gia công phần mềm mà ra làm cái app tệ như rứa. Đúng là app lùa g.a. Ai đang đầu tư ck tại app này thì cẩn thận nhé. cho app 1 sao là vì ko có số lẻ. cho 0,01 sao mới đúng."
5715fded-492b-4a24-b607-efebbc2e1ad8,2,2025-04-26,7,Đinh Thị Bạch Tuyết,"Giao diện rối rắm, dài dòng, các tính năng chưa thân thiện với người dùng.Nên để phần rút/ nạp hiển thị liền kề hoặc ngắn gọn như phiên bản cũ cho phù hợp( Thậm chí khi cài đặt app mới này tôi không nhìn thấy phần rút tiền hiển thị trên giao diện không biết là lỗi đờ không link thông tin tài khoản khách hàng giữa app cũ và mới hay vì lý do gì bị ẩn và không hiển thị ???).Tổng đài không có người trực mà dùng tổng đài tự động là rất chán."
324c72c0-d812-4dc5-86e6-5bbe3c5bb259,1,2025-04-26,8,Quyên Quản,"tệ, k bằng giao diện cũ"
f781cdfd-a8ea-4f57-9533-956fbcb53e11,3,2025-04-25,4,BÌNH LƯU,"Hướng dẫn cách rút tiền từ tài khoản chứng khoán chuyển vào tài khoản ngân hàng trên app mới này, thanks !"
10ae8349-e3b3-4fe0-af09-659da49daf69,1,2025-04-15,4,Thoai Nguyen,Quá khó chịu về cơ chế login. Làm ơn đừng bắt đăng nhập lại. Đặt lệnh với rút tiền có lowap opt là đủ bảo mật rồi. Chức năng nào cần bm thì opt hoặc sinh trắc học rồi cho hiển thị
55841501-65b8-4117-a7e8-3d139a02d143,1,2025-04-10,7,Phi Pham,App quá tệ khi thị trường biến động mạnh thì bị đơ. Cân nhắc kỹ kẻo rồi mất tiền. Chăm sóc khách hàng thì hời hợt. quá thất vọng
d3cace7d-1dec-4751-a430-cefedafd5cf2,1,2025-04-08,4,Chuyên Lại Văn,trải nghiệm thật tệ
6c223a0c-7244-485f-92bd-c5d62f8c3bcf,2,2025-04-04,7,Ty Na,"Hôm thị trường rung, muốn vô thoát hàng mà lag ko vô được. giờ ôm một đống không biết làm sao. Thiệt hại này NĐT ôm hết."
3a800657-5636-4c3d-8da9-3f308ee12105,1,2025-04-03,5,Vũ Lê,"app đơ từ sáng,muốn đăng nhập lấy mã otp cũng ko đc.Ko thể mở đc app.app cũ mượt hơn mà lỡ xóa đi dùng app mới.Haizz...giờ cũng ko vào lại app cũ đc"
660826e2-f6fa-4edd-ad8c-8d54f6bb098b,2,2025-04-03,5,tinh Mai,cả ngày không làm ăn đc gì với cái ứng dụng này
14447d53-6db4-46ef-a25a-5ff986d998bc,1,2025-04-03,7,Phạm Lực,"app siêu ngu và kém, còn tệ hơn cả bản cũ. nếu có 0* thì vote ngay. thực sự tệ"
69daa1b4-958d-4c91-95c3-8677274f6e7f,1,2025-04-03,3,nguyen duong hai dang 174119,lỗi qa nhiều khi thị trường đang cao trào lại lỗi
6c502fed-7533-4566-8b81-61629d39ef01,1,2025-04-03,3,Trung Thanh,"cả cái tập đoàn công nghệ FPT phía sau mà kĩ thuật của công ty chứng khoán fpts quá kém luôn, làm ăn gì mà ko vào được tài khoản"
5eb03a15-4225-4b30-b32e-b9461d91b938,5,2025-04-03,1,ĐẰNG T.T,ổn
1736973a-f7e2-49a9-8a0f-752341397ffd,1,2025-04-03,4,Long Nguyen,FPT mà quá kém! Thị trường lắc cái app cũng lắc theo!
cfc91de7-3d46-42b8-bdef-1161f08c2c1b,3,2025-04-03,1,nha nguyen,"nay phần mềm bị sao, vào không được"
b551d534-8aec-418e-a198-18dcd975646d,1,2025-04-03,4,An Truong,"Phần mềm kinh doanh, mà quá tệ."
e84d7fac-eeb7-46cf-9b4e-2b7b34d32484,1,2025-04-03,1,Tuyến Phan,"không vào được, lỗi ngày 4/3/2025"
8b0cae2b-68cb-40a1-adc1-b60ba442fa43,1,2025-04-02,4,hoan nguyen van,app chán quá. toàn lỗi. vào ko vào dc. kiểu này chắc đổi qua bên mbs
aca080d9-ee70-4e30-8734-c2fe50f1ab49,1,2025-04-01,6,Tuấn Nguyễn,"Danh mục theo dõi không tự cập nhật giá và khối lượng, phải ấn xem trực tiếp mã đó mới cập nhật. Quá tệ!"
f2a2bfe6-cbdf-4232-a625-14d1e9b73f5d,1,2025-04-01,5,Tuấn nguyễn kim,"trải nghiệm tồi tệ, bố cục rối mắt, màu sắc lòe loẹt, chức năng khó tìm. nói chung là tệ. vote -1 sao."
754a038d-e95c-4f29-b1cd-27833fdbee96,4,2025-03-28,1,Văn Phiếu Lê,thêm phần tỷ lệ lãi lỗ toàn bộ cổ phiếu đã mua .
874aa278-d169-4eda-89bc-ef03e58f1098,1,2025-03-28,9,Hoàng Thanh Hải,Trải nghiệm chưa tốt. - ứng dụng hay bị dừng đột ngột. - Phần tài sản ko biến động theo thời gian thực (ứng dụng cũ có). - Phần khớp lệnh ko hiện thông báo trong khi đã khớp trước đó khá lâu. - Điều chỉnh khối lượng bán xong thì thấy phần khối lượng còn có thể bán tiếp nhưng vào đặt lệnh thì không thể bán KL còn lại - Chứng khoán T2+ về nhưng phải đóng ứng dụng rồi vào lại mới có thể bán - Công ty chứng khoán của nhà sản xuất phần mềm top đầu VN mà ứng dụng còn kém hơn SSI
cc32220b-3a2d-4f7e-9228-5c66d1edb0e2,1,2025-03-27,5,Hieu Phanvan,"cải lùi. nhìn rối mắt,không dễ quan sát như app cũ."
8dfb7d58-35ab-4e87-b7b2-f81911b95448,1,2025-03-27,5,Khai nien Ngo,quá tệ
ecc4cab5-247f-4d55-86b4-7b98f68b702a,1,2025-03-24,5,Bảo Bành Tuấn,thao tác thì rườm rà. loading dữ liệu thì chậm. còn kém hơn ứng dụng cũ
d23d4333-4741-47b6-8eaa-514d2f53ebb3,1,2025-03-20,4,Hung Trinh Ngoc,tệ
8a9d541a-010f-4829-ac04-25c3ab20df18,2,2025-03-20,5,tu tu,khó nhìn quá trời.
0ecb7294-1bc7-4532-88b5-08427b5134e6,1,2025-03-20,8,Phan Anh,"Thua xa app cũ. Đã rối rắm còn màu mè, khó sử dụng, chữ bé, độ tương phản kém. App cũ dùng 5 năm nay vẫn đang ngon đi chuyển qua cái này là sao?? Ai khiến????"
275751a2-c2a5-4c43-af32-4af3de554006,1,2025-03-20,8,thanh hòa trịnh tôn,Vẫn thích xài app cũ. Mong không bỏ app cũ. Nên tích hợp tính năng vào app cũ hay hơn.
a14f3672-a020-4487-84d9-a3161a316b22,1,2025-03-18,2,Trung Hiếu Lê,đã tắt mọi thông báo nhưng vẫn khuyến nghị
ca15d9b9-f27e-416c-81be-0bcf3b7f29ed,1,2025-03-17,10,Duy Nguyễn Đình,Làm ơn giữ lại cái app cũ và sa thải cái đội IT nào làm ra cái app mới này
1e54676b-3103-49f1-9af6-4e2dac067ff9,1,2025-03-17,4,Quang Vinh Đặng,giao diện tệ hại
ff04cf76-43ac-41b7-a655-2087a5dc69de,1,2025-03-14,5,anton nguyen,Công cụ phân tích rất khó sử dụng
e48cc8ac-beb6-4640-8e1d-6693ddf4c8ba,1,2025-03-14,5,Hoan Nguyễn,Quá tệ. 1 công ty công nghệ mà làm cái app quá dở. Thà sử dụng app cũ còn thấy thích hơn
1c21235d-e982-4da5-9d30-80c8eacae35e,1,2025-03-12,6,Vo Chi Cuong,App cũ tốt hơn nhiều.
c4566359-586f-4d54-b652-77dd5b97c445,1,2025-03-10,11,Bằng Nguyễn,Mong là đừng khai tử app cũ
9af8b4a7-249d-49a9-9a68-7fd6d0e50c0e,1,2025-03-10,8,vuonganh pham,"Rối rắm nhìn mầu mè, kg hiệu quả bằng phiên bản cũ."
f12d508a-0d82-483e-8ce9-f15263da02c1,1,2025-03-08,2,nguyen quang,Như cc
5af29135-d68c-4c9b-80b8-383977af4150,2,2025-03-07,6,Lam Le Van,"Nên đưa cả mã chưa đủ T+2.5 vào danh mục tài sản, thưa các ngài thông thái! App điện thoại: ""Tài sản"" Tài sản ck cơ sở nên là số liệu theo thời gian thực chứ không nên là số liệu cuối ngày hôm trước ."
8b5a8454-9fa0-4896-9967-5fb983b08c98,3,2025-03-05,1,Dũng Nguyễn Đức,Không có biểu đồ giá
f2040b2a-2029-4a12-a05e-20ceb5b07d4b,1,2025-03-04,0,52 Blue (52Hz),Đã tắt thông báo vẫn thông báo khuyến nghị và vẫn gửi báo cáo hàng ngày???
63d39fbb-aa04-4fe2-94fa-6e7ef25eb4d0,5,2025-03-03,0,TUAN NGUYEN,Very good!
a9f37adf-ad5a-465e-9c84-aa034f29b8a2,5,2025-03-03,4,Thịnh Lê,Chúc cho những ai xem được bình luận này đầu tư mỗi năm x2 x3 tài khoản nha 🍀🍀🍀🍀🍀🇻🇳
7cfe7dfd-ff52-4ccc-a2cb-6538f9b9ea1e,3,2025-03-03,0,Tuyến Phạm Công,Đặt lệnh nhưng k được xác nhận
222c3a57-b20c-4b28-9b33-59a0f59fe947,5,2025-03-02,0,Hùng Huỳnh,"Bản cập nhật này tốt hơn rồi, đưa phần giao dịch lên trên, đưa biểu đồ xuống dưới"
276fdcdf-3700-41e0-aaea-ba14d5442e40,2,2025-03-01,5,Vietnam FastShop,Trang Số dư giao dịch của app cũ hay hơn cung cấp nhiều thông tin quyết định mua bán hơn. Nên có option chọn theo app cũ hay mới tùy người dùng chọn. Phần thiết lập phân tích kỹ thuật tradeview quá tệ. Cứ mỗi lần đổi cổ phiếu là lại phải thiết lập lại hay load lưu rất mất thời gian. Mà mỗi người chỉ quen view 1 loại chat thôi. Nên để default cho toàn bộ cp và vni hnx sau khi người dùng đã thiết lập. Cái vụ này nên học hỏi FireAnt làm rất chuẩn.
88a887fb-f8fb-4170-b46e-1181ad55e365,1,2025-02-28,1,long ngunguyen,Khó dùng. K có nhu cầu dùng cái mới
a82e4e80-cf17-417d-843c-eaf20fe73966,1,2025-02-28,5,Kim Khoi Thai,"App quá kém cỏi, hiển thị lung tung trên Samsung fold!"
e96d8948-fbc1-4398-9b99-78a2a87d7a2f,1,2025-02-27,4,Hai Au Nguyen Duong,"Giao diện font chữ đè tùm lum. Mấy cái popup hướng dẫn thì không thể click nút ""Bỏ qua"" hoặc ""Tiếp tục"""
c4db3ed3-f16e-44cf-8086-91e7989379ba,5,2025-02-26,0,hong tuyet,"App đẹp, đa tùy chỉnh gd, mượt. Nên cải tiến thêm về ux để ko đứt flow: Thanh navigation chiều cao chưa tối ưu-》 ux vuốt lên ko ok, thông tin thị trg cần cho xem đc thông tin chi tiết khi click vào mã..."
95da3002-f4a4-4e22-940d-0e4fb5116567,5,2025-02-26,0,Lê Công Tùng,"App nhẹ, nhanh, mượt như cách tiền lương hàng tháng biến mất"
f32499cc-2efa-4b5c-afa8-7b7842fd517f,1,2025-02-26,1,C C,Ko tối ưu cho zfold
6c6eb76a-c197-4ef8-b67e-168f2196f91e,5,2025-02-25,0,hung huynh,Chờ 5 năm rồi mới có bản ứng dụng thay thế
1aff8069-2114-474b-82c3-cd945754fcb7,1,2025-02-25,1,Uyên Lê,Gọi tổng đài cần hỗ trợ mà chuyển xong cúp máy
d60c7ae5-7dda-4d97-bda0-b3fe15607e1e,5,2025-02-25,0,Huy Ha,"Thiết kế tinh tế, đẹp mắt, không bị rối. Cảm giác dùng rất thích, giống như đang sử dụng một app tài chính cao cấp. Cùng với đó Giao diện trực quan, rõ ràng, kể cả người mới đầu tư cũng dễ dàng sử dụng mà không cần hướng dẫn nhiều"
7dddf17a-25ba-4b46-bc0c-318d481251b9,3,2025-02-25,5,Truong Minh Bang,Bản cũ sắp xếp từng mục vẫn dễ coi hơn.
bbed84fc-bcc5-4d54-9379-359948dfb84d,5,2025-02-24,0,Lượng DX,đầy đủ thông tin. giao diện đẹp và đặc biệt là rất dễ sử dụng
25940c1f-c825-43c2-8e1f-9fa87642b6d0,5,2025-02-24,0,Thanh Dat Doan,tốt hơn bản cũ
4f2c1b51-6b63-402b-be48-ec2414ef5c85,5,2025-02-24,2,Tran Nguyen Hong,"Nên thêm tính năng: 1. Cảnh báo giá, khối lượng, giống app traderbell 2. Có thể phân 1 mã theo nhiều lần mua (nhiều deal như app EntradeX) để biết giá vốn mỗi lần mua (quản lý dc nhiều mức giá vốn theo deal) để thuận tiện cho việc trading. Vd mua vào deal này có lãi thì có thể bán, trong khi deal khác cũng mã đó nhưng lỗ thì ko bán."
