review_id,rating,date,thumbs_up,author,text,title,version
14524283349,1,2026-09-08,0,Lucem79,"App hay, mà hay văng ra ngoài.",App hay,1.1.9
14519813225,5,2026-09-07,0,Cuong254,"Bản mới nhất lỗi quá. App gì ngày càng lỗi quá, thỉnh thoảng bấm Tài Sản nó ko vào menu này gì cả",Bản mới nhất lỗi quá,1.1.9
14437187107,1,2026-08-17,0,app_khung,Cập nhật j mà lắm thế. App đéo gì mà mấy ngày cập nhật 1 lần,Cập nhật j mà lắm thế,1.1.7
14417356120,1,2026-08-12,0,Hung Bui VMO,"Lỗi không thể đăng nhập. Không thể đăng nhập app Eztrade và website, chỉ báo lỗi hệ thống. Đề nghị xử lý ngay.",Lỗi không thể đăng nhập,1.1.5
14395399591,1,2026-08-06,0,Space 2023,App k cập nhật được sau nâng cấp. K thể cập nhật được app,App k cập nhật được sau nâng cấp,1.1.5
14381177018,1,2026-08-03,0,saophuongnam9999,jdjd. dkm như điên. dùng bực cả mình,jdjd,1.1.5
14381040802,1,2026-08-03,0,EmTenBinh,Lỗi view chart đã lưu. Cần sửa,Lỗi view chart đã lưu,1.1.5
14378795239,2,2026-08-02,0,Đức GV,Tệ. Chậm,Tệ,1.1.5
14370387401,1,2026-07-31,0,alex.hunh,ăn cắp thông tin từ clipboard à. Vào app cứ đòi lấy thông tin từ clipboard thế,ăn cắp thông tin từ clipboard à,1.1.4
14325471778,2,2026-07-20,0,Truongtantien,"Còn nhièu trải nghiệm khách hàng chưa tốt. Đang gây khó chịu cho trải nghiệm người dùng đối với khách hàng.  Văn phòng giao dịch thì chỉ làm việc giờ hành chính thứ 2- thứ 7. Mở cửa trong tuần thì hoi trễ. Đóng cửa thì hơi sớm. Cơ bản nếu không xin nghỉ một buổi làm thì ko đến văn phòng làm việc trực tiếp được.  Trong khi còn nhiều thủ tục cần phải đến trực tiếp văn phòng . Nên gây khó cho khách hàng.  Thêm nữa, đến văn phòng thì đòi bắt buộc trình cccd bản cứng mới chịu làm thủ tục . Vneid thì không chấp nhận. Quá khó để theo kịp chủ trương số hoá của nhà nước. Gây bất tiện cho khách hàng.  những tiện ích cần thiết khác dạng chứ năng trong app nếu muốn kích hoạt thì không cho làm online trên app, mà buộc phải đến văn phòng ký giấy .  Lại lặp lại một loạt khó lhawn nêu trên cho trải nghiệm khách hàng.  So sánh với các đối thủ cùng ngành, cùng loại hình dịch vụ, dựa trên các điểm đánh giá tiện ích, gọn lẹ, vẫn đảm bảo an toàn  thì mình đi đến quyết định là không dùng và giao dịch bên fpts nữa.",Còn nhièu trải nghiệm khách hàng chưa tốt,1.1.2
14245612716,5,2026-06-30,0,Thích đánh chứng 1909,"App ổn. Giao dịch nhanh, khong giựt lag",App ổn,1.1.0
14193315674,1,2026-06-17,0,Huynguyen0811,"Phí rút tiền. Nạp 500k vào rút ra mất 44k phí, hút máu như kotex 11k phí chuyển tiền và 33k phí xác thực sdt Mọi người nên xem xét trước khi sử dụng FPT mang tiếng tập đoàn công nghệ hàng đầu VN mà làm ăn chán đời quá",Phí rút tiền,1.0.79
14184051393,1,2026-06-15,0,Lê Thọ36,"App tệ, suốt ngày lỗi. Tệ","App tệ, suốt ngày lỗi",1.0.78
14087865595,1,2026-05-21,0,RyanNguyenBTC,"UX tệ. FPT mang tiếng công ty công nghệ nhưng sản phẩm không đi cùng với tiếng tăm mà họ marketing. Mỗi lần mở app là nó hỏi có đăng nhập không? Bấm login thì duy trì trạng thái đăng nhập tiếp, không thì bấm logout, thật sự là một câu hỏi quá lố bịch. Vấn đề nữa là cái hộp thoại hiện lên bất ngờ khi vào app, nút logout của hộp thoại ngay vị trí tab xem danh mục, vừa vào   App mình qua tab này thì nó thường xuyên hiện lên cái câu hỏi đó và mình bị out phải login lại :))) best thật sự",UX tệ,1.0.73
13985756199,1,2026-04-22,0,Tran t Huynh,Không có chức năng cảnh báo giá cổ phiếu,Không có chức năng cảnh báo giá cổ phiếu,1.0.72
13941565629,4,2026-04-10,0,Dmm viettel,"Góp ý. Các số liệu trên 1 app tài chính phải làm chuẩn chỉ chứ. Số nguyên (giá) sau dấu chấm là 2 chữ số, số nguyên (tiền) ngăn cách hàng nghìn đơn vị bằng dấu phẩy. App đang k đồng bộ trong việc hiển thị này",Góp ý,1.0.70
13913236209,1,2026-04-02,0,a rờ men,Đừng vô chứng lri ae tiền mất tật mang,Đừng vô chứng lri ae tiền mất tật mang,1.0.70
13860059536,2,2026-03-18,0,Userxxb,Cập nhật lỗi. App qá tệ càng cập nhật càng lỗi;  không hiện chart; nóng máy,Cập nhật lỗi,1.0.69
13860026825,1,2026-03-18,0,lỗ chứng bán nhà,App chán. Mang tiếng tập đoàn công nghệ mà viết cái app đúng lỏ. Cứ bắt đăng nhập miết,App chán,1.0.69
13850970138,5,2026-03-15,0,ho huu hieu,"App dùng tốt, nếu có thêm tài khoản demo để tập lệnh phái sinh thì ổn hơn",App dùng tốt,1.0.69
13847285005,1,2026-03-14,0,Kentran85,"Cập nhật gì mà lắm thế?. App thì chán, rườm rà rối mắt, không tiện xíu nào. Mà lắm cập nhật vậy? Cuối tuần là không vào được? Cập nhật thì càng ngày càng tệ!? Cập nhật gì mà lắm thế?",Cập nhật gì mà lắm thế?,1.0.69
13838993764,3,2026-03-12,2,Nguyen2us,"Notification. Tôi chỉ cần các thông báo quan trọng về giao dịch,  nhưng không tắt được các thông báo về khuyến nghị rất phiền phức. Cuối cùng phải tắt hết notification",Notification,1.0.67
13822246789,1,2026-03-07,0,Lolli Fox,"App lởm, suốt ngày bắt cập nhật, lởm muôn đời lởm, lởm nhất tt",App lởm,1.0.67
13812441101,1,2026-03-04,0,Vietteluser,Vào hướng dẫn nộp tiền không có nút trở lại được trang chủ. phải tắt app vào lại,Vào hướng dẫn nộp tiền không có nút trở lại,1.0.67
13808224539,2,2026-03-03,0,Quangndnd,K thể hiện lãi lỗ theo ngày. K hiển thị lãi lỗ theo ngày. Khó xử dụng,K thể hiện lãi lỗ theo ngày,1.0.67
13805088817,3,2026-03-02,0,thuykool2504,Danh mục. Phần giao dịch nên để bên trên chart để giao dịch liền. Chart thì xem lúc cần. Chứ mỗi lần xem giá giao dịch lại phải vuốt qua cái chart mất thời gian.,Danh mục,1.0.67
13793506611,3,2026-02-27,0,anh7474,Hệ thống giao dịch cần được cải thiện. Không hiểu ai thông qua bản cập nhật ngày 27/02/2026. Rất thiếu nhất quán và rối trong việc thực hiện đặt lệnh. Mình chỉ cần ứng dụng ổn định thôi. Mong ứng dụng cải thiện hơn.,Hệ thống giao dịch cần được cải thiện,1.0.67
13737355937,2,2026-02-11,0,Dzuser009,"UX kém không xem được giao dịch cũ của các mã monitor. App làm giao diện rất ngớ ngẩn, muốn xem giao dịch cũ phải vào filter từng mã. Các mã đang monitor nhấn vào ko xem được các lệnh trong quá khứ luôn. Cũng không xem được waiting conditional order. Đều cần filter để tra cứu, rất bất tiện.",UX kém không xem được giao dịch cũ của các mã monitor,1.0.66
13657859443,3,2026-01-21,0,vanlongkhanhhoi,"Not good. Làm sao cho cài đặt chỉ báo một mã nó giữ nguyên khi mở mã khác. Mỗi lần mở mã mới là phải setup lại rất là bất tiện nhé. Cả app củ và mới đều như vậy. Bước 1 là bắt chước, bước 2 là cải tiến. Kiếm công ty nào có giao diện ổn review 10 điểm bắt chước rồi mới tinh chỉnh. Khách hàng đỡ phiền.",Not good,1.0.64
13624106506,3,2026-01-12,0,Loveyahu,"Góp ý. A mới này sử dụng hơi tệ, bảng giá ko cho người dùng tuỳ chỉnh theo màng hình đt,danh mục thể hiện hơi khó nhìn,không bằng app cũ rất nhiều ..nói chung mở app ra đã thấy không thích dùng rồi…dể bị bỏ qua cty khác Đã sd 1 thời gian app tệ quá …cập nhật thông báo quá chậm",Góp ý,1.0.64
13612821350,5,2026-01-09,0,Biển xanh TB,Ok,Ok,1.0.63
13595371560,1,2026-01-05,0,dr.jacksmith,Poor design. Xoay ngang ipad thì thu lại nhỏ xíu.,Poor design,1.0.63
13527523540,2,2025-12-18,0,Hanhchidienkhungbucboi,App lỗi. Không bao giờ đăng nhập được luôn ngay lần đầu tiên.lần nào vào cũng Phải đăng nhập hai lần mới vào dc app. Quá mệt mỏi và phiền phức.,App lỗi,1.0.61
13506895710,5,2025-12-13,0,Sản phẩm ok thế,App ổn. Nhiều tính năng hay,App ổn,1.0.59
13503784784,3,2025-12-12,0,fangfang281,tính năng login nhận diện bằng khuôn mặt cần được fix. tôi đã setup khuôn mặt rất nhiều lần nhưng toàn bị tự động mất sau vài ngày cần fix tính năng này gây cảm giác khó chịu khi dùng,tính năng login nhận diện bằng khuôn mặt cần được fix,1.0.59
13393498965,1,2025-11-13,0,ATTH11,"App tệ. 1 công ty công nghệ đứng đầu Việt Nam, mà làm cái app quá tệ, chưa kể app chưa tương thích với iPad. Bữa",App tệ,1.0.55
13366602312,4,2025-11-07,0,Chjffjuug,Fix lỗi. Chế độ bảng giá khi xoay ngang màn hình trên Ipad bị thu nhỏ lại gây khó theo dõi giá,Fix lỗi,1.0.55
13362599589,1,2025-11-06,0,chat luong la danh du,Ứng dụng bị lỗi. Tôi nghi ngờ ứng dụng khoá Mic điện thoại. Không điện thoại được khi cài app,Ứng dụng bị lỗi,1.0.55
13336508529,1,2025-10-31,0,jjfjwuxngkd,"Sử dụng thật khó. Quá nhiều thao tác thừa. Chức năng cần tìm thật lâu, hôm sau vào lại quên mất nó ở chỗ nào. Cin lỗi nhưng dev quá NGU.",Sử dụng thật khó,1.0.55
13305791431,1,2025-10-24,0,Hera8387,"Đăng nhập lại bị lỗi. Mỗi lần đăng nhập lại đều bị lỗi, treo app, phải thoát ra đăng nhập từ đầu.",Đăng nhập lại bị lỗi,1.0.54
13305657157,1,2025-10-24,0,"ha ha ha, bí danh...","Đơ lag. App hay treo và rất lag lúc đăng nhập. Rất khó chịu, phiên bản cũ không bị như vậy.",Đơ lag,1.0.54
13298516107,5,2025-10-22,0,Kid***,Widget bị tắt. Sao tắt tính năng widget rồi vậy ad?,Widget bị tắt,1.0.54
13292353107,1,2025-10-21,0,Va2310,Phần mềm vớ vẩn. Phần mềm quá vớ vẩn,Phần mềm vớ vẩn,1.0.54
13282304211,1,2025-10-18,0,VHTKiet,Giao diện Ipad tệ. Cho hỏi team Dev của FPT có dùng thử trên IPad chưa vậy ?,Giao diện Ipad tệ,1.0.53
13276836610,1,2025-10-17,1,Phonggphongg,Vào ứng dụng quá chậm. Trong giờ giao dịch ko thể vào dc ứng dụng. App càng cập nhật càng tệ. Rất tệ,Vào ứng dụng quá chậm. Trong giờ giao dịch ko thể vào dc ứng dụng,1.0.53
13268940386,3,2025-10-15,0,Người dùng 20 năm của fpts,Bảng giá chi tiết theo danh mục quan tâm. Đề nghị sửa kéo dài không gian để hiển thị nhiều mã. Giữ cố định phần thông tin thị trường đừng để bị che khi kéo danh mục xuống dưới. Cho phép sắp xếp theo mã quan tâm chứ chỉ xem theo thứ tự abc chán quá. Bảng giá web ngon mà bảng giá di động xem chán quá.,Bảng giá chi tiết theo danh mục quan tâm,1.0.53
13246683452,3,2025-10-10,0,Las.angel,Đề nghị đừng ẩn số tiền tài sản mỗi khi đăng nhập. Và lúc bật app lên hãy hiện luôn bảng điện để tiện theo dõi chứ mỗi lần đăng nhập vào phải bấm thêm vài làn mới xem dc danh mục tài sản và bảng điện rất bất tiện,Đề nghị đừng ẩn số tiền tài sản mỗi khi đăng nhập. Và lúc bật app lên hãy hiện luôn bảng điện,1.0.52
13246472283,2,2025-10-10,0,Phungnc,Giá cp bên bảng điện và giá cp trong tài sản không khớp. Sau bao lần update mà vẫn ko thấy fix được bug này. Chán,Giá cp bên bảng điện và giá cp trong tài sản không khớp,1.0.52
13244719212,5,2025-10-09,0,Viuviu.vn,"Ứng dụng tốt. Ứng dụng có độ bảo mật cao, tốc độ nhanh. Hài lòng",Ứng dụng tốt,1.0.52
13230258137,2,2025-10-06,0,k nga,Giao dien xau ko dep . Chu qua nho kho doc,Giao dien xau ko dep,1.0.51
13229343225,2,2025-10-06,0,VanNgocHieu,"Sơ hở là cập nhập. Mình ko thích vấn đề cập nhập liên tục, có thể hoàn thiện hệ thống bên trong nhưng người dùng cảm quan mà nói ko khác mấy.",Sơ hở là cập nhập,1.0.51
13221554846,1,2025-10-04,0,VNpeople2026,"App tệ. Bắt buộc users phải update, ko có lý do rõ ràng",App tệ,1.0.51
13216837208,1,2025-10-03,0,shjwiwkehe,Nộp tiền vào tài khoản phải đợi rất lâu mới xử lý được.App của công ty công nghệ mà làm ăn chán quá,Nộp tiền,1.0.49
13143099255,1,2025-09-16,0,chungleba,"App kém. Mang tiếng công ty phần mềm lớn nhất nước mà thiết kế tính năng như con bò, có cái mật khẩu đổi đi đổi lại bao lần không được",App kém,1.0.47
13139117988,1,2025-09-15,0,nguyenhodinh,LÀm Phiền. App nhỏ mà update hoài. Coi lại quy trình làm việc,LÀm Phiền,1.0.47
13132823863,1,2025-09-13,0,hdthuan,Tệ hơn chữ tệ,Tệ hơn chữ tệ,1.0.46
13132068031,3,2025-09-13,0,BônBaTM,"Chạy lag. Khi thị trường diễn ra những pha rung lắc mạnh, app hay bị die, làm mất cơ hội của nhà đầu tư",Chạy lag,1.0.46
13130742265,1,2025-09-13,0,NgocBa03,"Lỗi quá nhiều. Thường xuyên lag, không mở được ứng dụng",Lỗi quá nhiều,1.0.45
13093164634,1,2025-09-03,0,hvy99999,Cần cải thiện app. App quá lag và khó sử dụng. Phần tài sản bấm vào xem xong muốn bán lại thoát ra vào mục bảng giá để xem lại biểu đồ. Cứ phải thoát cái này vào cái kia khó chịu thật. Ko tiện dụng gì cả,Cần cải thiện app,1.0.44
13092597704,5,2025-09-03,0,Cá mập24,Lởm. Cả buổi sáng ko thể update đc?,Lởm,1.0.44
12981554907,1,2025-08-06,0,Tomcat121113,Không tải được. Cho 1 sao.,Không tải được,1.0.39
12980606500,1,2025-08-06,0,Myka1987,khó hiểu. đội code nên học hỏi app vnd hoặc vps về cách hiển thị nội dung,khó hiểu,1.0.39
12979624484,3,2025-08-05,0,Mitrafe,"Đi lùi. Sao tôi cảm giác ko tốt bằng ứng dụng cũ nhỉ, các giao diện báo cáo nhìn tù quá, ko trực quan",Đi lùi,1.0.39
12978699338,2,2025-08-05,0,Dzaizainhach,Nên như giao diện cũ. Mình sử dụng app này do đơn giản Giờ càng up càng rối,Nên như giao diện cũ,1.0.39
12977943932,2,2025-08-05,0,Đã dùng 10 năm,"Cập nhật thời gian thực kém. Đã thêm đc nhiều thông tin hơn so với bản cũ, giao diện cũng đẹp mắt hơn nhưng cập nhật thời gian thực tương đối kém, hay bị lag.",Cập nhật thời gian thực kém,1.0.38
12934187946,5,2025-07-25,0,Jenmyphuc,"Ứng dụng hay. Ứng dụng dễ hiểu, cập nhật đầy đủ thông tin, bao gồm cả thuế và phí giao dịch",Ứng dụng hay,1.0.35
12918621652,1,2025-07-21,0,TobyBui1224,Chậm. Ko load nổi biểu đồ,Chậm,1.0.34
12917705372,2,2025-07-21,0,hoan 12453,Mỗi lần mở ea là bắt cập nhật. Không ok,Mỗi lần mở ea là bắt cập nhật,1.0.34
12897428600,2,2025-07-16,0,mnd004,UI màu mè nhưng lỗi gây ức chế. Việc đầu tiên khi bật app lên là bấm vào đâu? => bảng giá. Nhưng bảng giá lại trùng vị trí với nút bỏ qua đăng nhập lại và làm tự thoát account. Đây thể hiện team UI làm màu mè rất đẹp nhưng thiếu việc test trên trải nghiệm của người dùng thực tế.,UI màu mè nhưng lỗi gây ức chế,1.0.34
12831919150,4,2025-06-29,0,trandaipt,"Cần cải thiện UX nhiều hơn nữa. FPTS nên cải thiện UX nhiều hơn nữa. Mình muốn dùng smart Otp, Nhưng thật sự dùng smart otp để đăng nhập trên web rất mất thời gian so sms otp. Lần đầu đăng nhập lúc nào cũng lỗi, phải lần 2, 3 mới vào được.",Cần cải thiện UX nhiều hơn nữa,1.0.32
12820718127,1,2025-06-27,0,T.aoo,Cập nhật. Cứ mở ra bắt cập nhật,Cập nhật,1.0.32
12795357511,1,2025-06-20,0,minh614177,khó nhìn hơn giao diện cũ,khó nhìn,1.0.31
12791001102,2,2025-06-19,0,Chi Bèng,"Đặt lệnh. Lúc vào mục đặt lệnh, chỗ nút tìm kiếm cứ hiện mã cổ phiếu trước, ko xóa dc, dễ nhầm lẫn. Mục này nên để trống để ng dùng mỗi lần đặt lệnh tự tìm mã CP",Đặt lệnh,1.0.31
12764202765,5,2025-06-12,0,game khá vuu,"Lãi lỗ ngày. Đã được cập nhật mới, chạy mượt",Lãi lỗ ngày,1.0.29
12760540854,1,2025-06-11,0,Bechoicophieu,"App khó xem. Khó xem, khó xài, không thể hiện hết khối lượng tài sản, không thể hiện tổng tài sản mỗi ngày lãi lỗ bao nhiêu",App khó xem,1.0.29
12756816299,1,2025-06-10,0,TonyGiap,Không thể cập nhật. Chờ nâng cấp cả buổi ko chạy được,Không thể cập nhật,1.0.29
12756673041,2,2025-06-10,0,meocomnhom,"App nhảy thông báo thiết bị đã kết nối internet liên tục, dùng rất khó chịu. Có tài khoản nhưng phải dùng app công ty khác để theo dõi danh mục.","App nhảy thông báo thiết bị đã kết nối internet liên tục, dùng rất khó chịu",1.0.29
12756349211,1,2025-06-10,0,tinhnh,"App tệ thật. Thua app cũ, rối rắm dễ nhầm lẫn mua bán.",App tệ thật,1.0.29
12754056009,1,2025-06-09,0,Ken___17,Stupid app. Tối ngày update mà lỗi miết,Stupid app,1.0.29
12754043370,2,2025-06-09,0,Pisoga71,Tính năng. Không sắp xếp được mã cổ phiếu yêu thích và di chuyển được cổ phiếu lên trên theo ý thích trong danh mục,Tính năng,1.0.29
12753573290,1,2025-06-09,0,kietthaiphien,ĐỀ NGHỊ XÀI APP CŨ. Từ giao diện cho đến tính năng sử dụng. thao tác không như app cũ. Quá tệ,ĐỀ NGHỊ XÀI APP CŨ,1.0.29
12752627517,1,2025-06-09,0,TT10.03,"App tệ quá!. Lần nào mở app cũng yêu cầu cập nhật, chán kinh và mất thời gian.",App tệ quá!,1.0.29
12737187380,1,2025-06-05,0,Lololololhhhhhhhh,"quay về giao diện cũ. Không bằng giai diện cũ, giữ giao diện cũ và cập nhật theo thời gian thực",quay về giao diện cũ,1.0.28
12735121082,1,2025-06-04,0,hoanhue262,App quá chậm.. nên chuyển sang cty khác. Nâng cấp app quá chậm... đơ.. lag liên tục.. giao dịch sòng VNI mà cập nhật cuối ngày giờ DJ... sính ngoại vừa vừa thôi... app rác.. cho chạy song song app cũ còn tốt hơn,App quá chậm.. nên chuyển sang cty khác,1.0.28
12730101422,1,2025-06-03,0,kimkoff kjh,Phần danh mục. Chỉ hiện số tiền tăng giảm ko hiện % tăng giảm,Phần danh mục,1.0.28
12726743382,5,2025-06-02,0,TrangNhung2909,App chạy mượt nhiều tính năng. App đã cập nhật tính năng báo cáo lãi lỗ trong ngày. Chạy mượt. Giao diện đẹp. Chữ hơi nhỏ nhưng mình cài đặt tăng cỡ chữ và cho chữ đậm trên iphone là ổ nha,App chạy mượt nhiều tính năng,1.0.28
12726741325,5,2025-06-02,0,Đỗ Đỏ,Ứng dụng. Khá hay,Ứng dụng,1.0.28
12710781381,1,2025-05-29,0,Huy120691,"Cái app nửa mùa !. App cũ đơn giản,trực quan dễ sử dụng tự nhiên bắt chuyển sang app mới lỗi tùm lum,cố thể hiện là hiện đại mà càng làm càng rối mù. Thế giới hướng tới sự đơn giản các ông lại cố làm cho phức tạp không ra gì.",Cái app nửa mùa !,1.0.26
12679338018,1,2025-05-21,0,Yenvt10,"Cực kỳ chán. Mỗi lần mở ra đều bắt update và ko lưu đăng nhập, khó chịu vô cùng mỗi lần vào app",Cực kỳ chán,1.0.24
12662649209,1,2025-05-16,0,Lởm 2026,"App ngu. Không thấy tiền cổ tức chờ về đâu. App lỗi suốt, mang tiếng FPT",App ngu,1.0.23
12661481024,1,2025-05-16,0,hnthule,"Update giao diện khó sử dụng hơn app cũ. Dùng FPTS 5 năm rất hài lòng. Tự dưng thay đổi giao diện khó sử dụng hẳn so với app cũ, thao tác rất khó chịu. Mong đội ngũ IT thay đổi về giao diện như app cũ.",Update giao diện khó sử dụng hơn app cũ,1.0.23
12658094177,1,2025-05-15,0,Dai ngoc,"Dùng nóng, lag lag. App hiển thị quá nhiều thứ không cần thiết trên 1 screen. Bắt user login và lấy opt liên tục. Thường xuyên bị đơ. Rất nóng máy.","Dùng nóng, lag lag",1.0.23
12657252370,4,2025-05-15,0,Hổ Nát,"App đăng nhập lỗi, thông báo chậm. Đăng nhập hay lỗi không hiển thị thông tin, báo thành công nhưng nội dung trống. Khi mua bán thành công có thông báo popup nhưng khi xem trong danh sách thông báo không thấy gì","App đăng nhập lỗi, thông báo chậm",1.0.23
12653849507,1,2025-05-14,0,DuongMinh_95_321,Lỗi thông báo. Thông báo “Thiết bị đã khôi phục internet” spam liên tục dù cho thiết bị có cả wifi + 4G,Lỗi thông báo,1.0.23
12650120981,1,2025-05-13,0,Kis yêu đời,"Ko thấy chỗ thực hiện quyền. Ko thể mê nổi, dùng ko được. Mua bán khó, chức năng kém",Ko thấy chỗ thực hiện quyền,1.0.23
12636851789,1,2025-05-09,0,phongc49,"Không update được. Mạng ngon, mà không update được. App khó sử dụng hơn bản cũ",Không update được,1.0.22
12632539124,2,2025-05-08,0,Qd59,"Khó nhìn. Ứng dụng mới khó nhìn, khó sử dụng. Không thể hiện ngay khối lượng cp đang cốc giá trị lỗ lãi như ứng dụng cũ",Khó nhìn,1.0.22
12624503109,5,2025-05-06,0,C50 Reviewer,"App tốt. App nhiều tính năng, nhưng lại bỏ đi phần lãi lỗ hôm nay khá hay",App tốt,1.0.22
12624479256,5,2025-05-06,0,HanHy~,Review. Khá dễ dùng,Review,1.0.22
12624431804,1,2025-05-06,0,Sieu danh gia,Kém . Lag phần mềm lởm,Kém . Lag phần mềm lởm,1.0.22
12624426095,1,2025-05-06,0,Cá bơi sấp,"Quá tệ!!!. App mới thua cả app cũ, vừa rối vừa k phân tích được gì. Đề nghị đổi lại như app cũ.",Quá tệ!!!,1.0.22
12624402669,1,2025-05-06,0,rebel77777777777,Tệ. Phần mềm không thể hiện phân tích kỹ thuật quá kém so với phiên bản cũ đã bỏ đi,Tệ,1.0.22
12625523787,1,2025-05-06,0,Chi810,App không update được. Lỗi không thể update được,App không update được,1.0.22
12624695842,5,2025-05-06,0,Nhimm678,"App Eztrade. App mới giao diện đẹp, tích hợp cả chứng khoán cơ sở và phái sinh trong cùng 1 app, có thể tuỳ chỉnh giao diện theo nhu cầu, các báo cáo đều có thể xem ở phần Chức năng khá tiện. Hi vọng app tiếp tục cải tiến để tốt hơn",App Eztrade,1.0.22
12624605857,1,2025-05-06,0,Phongy fch,Tệ. Rất khó dùng,Tệ,1.0.22
12622495430,1,2025-05-05,0,maipham1915,Thất vọng quá. Ko biết nói gì hơn,Thất vọng quá,1.0.21
12622231997,1,2025-05-05,0,ZDunghhh,Quá tệ. App củ lzz nhất từng xài.,Quá tệ,1.0.21
12622000123,1,2025-05-05,0,Trananh009,"Ko login và update được. Liên tục lỗi update và login để vào tài khoản, quá mất thời gian để chờ đợi",Ko login và update được,1.0.21
12621671556,5,2025-05-05,0,TDN-VN,giao dien nguoi dung. App mới có giao diện đẹp hơn với app cũ rất nhiều.,giao dien nguoi dung,1.0.21
12621414759,1,2025-05-05,0,Jendbhekqlakfh,"Khó chịu vô cùng. Nhìn rối mặt, ko có bảng tổng thể tài sản. Khó theo dõi. Trả lại app cũ giùm cái",Khó chịu vô cùng,1.0.21
12621353004,1,2025-05-05,0,Phuongtrade,App quá tệ. Cả một đội ngũ mà không xây dựng được một cái app cho tử tế,App quá tệ,1.0.21
12621140731,1,2025-05-05,0,Anhnt1989,"Quá tệ. Hiển thị không rõ ràng như app cũ, rối rắm. Nâng cấp gì mà đi vào lòng đất",Quá tệ,1.0.21
12620922961,1,2025-05-05,1,Khongkhong21,Thằng ngu viết app không có nút back,Thằng ngu viết app không có nút back,1.0.21
12620855918,3,2025-05-05,0,linhtrang2812,"UI không phù hợp. App mới quá màu mè, không đi đúng trọng tâm của 1 app chứng khoán cần có. Thông tin hiển thị rối rắm, không support về phần nhìn và khách quan khách hàng. Ngoài ra, việc hỗ trợ customize giao diện cũng hơi dư thừa.",UI không phù hợp,1.0.21
12620794160,1,2025-05-05,0,Matnathuyrinj,Tệ. Đề nghị giữ nguyên app cũ,Tệ,1.0.21
12620791256,1,2025-05-05,0,doremon😁,"App màu mè kém hiệu năng. App được thiết kế bởi ""thợ vẽ"" chứ không phải đội ngủ thiết kế chuyên nghiệp, màn hình điện thoại đã nhỏ mà dùng quá nhiều không gian để hiển thị đồ hoạ, không tập trung vào việc mua bán cổ phiếu, app cũ tuy thông tin thiếu nhiều nhưng rất đơn giản và tối ưu hoá cho việc mua bán cổ phiếu. Nên cho team đọc cuốn sách Don't make me thing và quan sát người xài app như thế nào để chú trọng hiệu năng. App hiện tại được thiết kế bởi ""thợ vẽ"" và không chơi chứng khoán nên hiệu quả rất kém và rác hành vi rất nhiều.",App màu mè kém hiệu năng,1.0.21
12620781827,1,2025-05-05,0,Oanhkore,App mới quá tệ. Làm ơn đưa về giao diện cũ !,App mới quá tệ,1.0.21
12620747139,2,2025-05-05,0,Politevn,Đến cái ứng dụng cho ipad cũng không có. Là thành viên của tập đoàn công nghệ mà đến việc viết cái ứng dụng cho máy tính bảng cũng không có,Đến cái ứng dụng cho ipad cũng không có,1.0.21
12620725464,1,2025-05-05,0,Puchinxinh,Tệ. Cảm xúc về 0. Trải nghiệm chỉ thấy bực. Không đủ thông tin như app cũ. Chỉ màu mè hơn trong khi KH thích sự đơn giản đầy đủ của app cũ. Chưa kể quá lag và như sáng nay mãi ko vào được.,Tệ. Cảm xúc về 0. Trải nghiệm chỉ thấy bực,1.0.21
12620707291,2,2025-05-05,0,đơ bi,quá chậm. chậm không thể tải được,quá chậm,1.0.21
12620694395,5,2025-05-05,0,công chúa mỹ đình,"App đỉnh nooc. Uầy bé giờ chưa thấy con app nào đỉnh như vầy, chơi là lãi chốt là lời🇻🇳",App đỉnh nooc,1.0.21
12620684135,5,2025-05-05,0,Btd 1984,Xịn. App nhiều tính năng. Mượt,Xịn,1.0.21
12620682138,5,2025-05-05,0,Anh Dũng đa tình,"Giao diện hiện đại, dễ sử dụng. Giao diện mới đẹp hơn app cũ, dễ nhìn các nội dung hơn, cho 5 sao","Giao diện hiện đại, dễ sử dụng",1.0.21
12620241092,1,2025-05-05,0,Báo86,"Tệ. Chẳng có lỗ lãi, chẳng có lịch sử lỗ lãi các lần mua. Thua DNSE. Bản này còn khó nhìn hơn bản cũ",Tệ,1.0.21
12619342793,3,2025-05-05,0,Pqbao6868,"Danh mục cần cải thiện. Đề nghị làm thêm phần hiện lỗ lãi theo % và số tiền như bản app cũ. Hiện tại phải vào phần tài sản xem, rất bất tiện, ko tối ưu UX.",Danh mục cần cải thiện,1.0.21
12617512935,5,2025-05-04,0,KH thân thiện No2,"App dễ sử dụng. App giao diện hiện đại, dễ sử dụng.",App dễ sử dụng,1.0.21
12617077897,1,2025-05-04,0,CẦN CẢI TIẾN NHÉ FPTS,"APP MỚI QUÁ TỆ - CẦN CẢI TIẾN NGAY VÀ LUÔN. 0 Sao 0 điểm app mới . (App cũ 10 điểm ). Biết cái gì mới ra cũng sẽ có trục trặc và số ít ng đồng tình . Nhưng sự thật là cái app mới quá tệ kg còn chổ để chê, thất vọng thật sự ,xài biết bao lâu rồi mà giờ như vậy, thị trường lên xuống cập nhật kg theo sát giá TT , giống như ngta đã nâng cấp mạng 6G , 7 G mà FPT đang còn chạy = 3G , giao diện khó thao tác ,giật giật lag lag , cách thiết kế cái giao diện không hợp lý , nhìn rối mắt …. giờ thời đại công nghệ nào rồi mà sao cty lại để chất lượng phục vụ nhu cầu KH đi xuống như vậy, tin tưởng FPT mới dùng mà kg bênh được luôn .",APP MỚI QUÁ TỆ - CẦN CẢI TIẾN NGAY VÀ LUÔN,1.0.21
12617052913,1,2025-05-04,0,Ndjdhiddns,Khách hàng của fpts. Khá thất vọng về phiên bản mới. App ko phải kiểu friendly . Khó đọc và khó sử dụng.  Vẫn thích kiểu giao diện của app cũ hơn.,Khách hàng của fpts,1.0.21
12615428482,3,2025-05-04,0,Ahihi18nd,"Lỗi thông báo cập nhập. App bắt mình cập nhập phiên bản mới. Mình cập nhập xong rồi, vào lại app, tiếp tục bị báo phải cập nhập và không có chỗ tắt thông báo. Hiện tại chịu không vào được app luôn. Mong đội Dev sớm sửa đi ạ :((",Lỗi thông báo cập nhập,1.0.20
12615328907,1,2025-05-03,0,Karen Dangg,"Không thân thiện người dùng. App lỗi. App mới UI/UX không thân thiện, quá rối. Những tính năng cần theo dõi như lời lỗ của NĐT muốn xem phải thao tác rất nhiều bước. Quá phiền, bản app cũ tiện lợi hơn. Bản nâng cấp mới còn bị lỗi, mặc dù đã nâng cấp version mới, tải lại cả app nhưng vẫn không vô được. Bắt cập nhật hoài.",Không thân thiện người dùng. App lỗi,1.0.20
12615204185,1,2025-05-03,0,Woody Nè,"Cập nhật lỗi. Cứ báo cập nhật dù đã cập nhật xong, app j lỗi hoài vậy",Cập nhật lỗi,1.0.20
12614980628,1,2025-05-03,0,hoanghacha,"Lỗi. Báo cập nhật liên tục ko thể vào app, golive mà không test à?",Lỗi,1.0.20
12614680026,1,2025-05-03,0,bossnpn,"Cập nhật xong mở app lại bắt cập nhật. Nên coi lại đội ngũ phát triển, app yêu cầu cập nhật, cập nhật xong mở lên lại bắt cập nhật. Mang tiếng FPT mà chưa có sản phẩm nào ra hồn",Cập nhật xong mở app lại bắt cập nhật,1.0.20
12614626507,1,2025-05-03,0,Nhuttigi,"Phản hồi. Đã cập nhật mà không mở đc, bị lỗi rùi",Phản hồi,1.0.20
12595566951,1,2025-04-28,0,khachxem,Đáng giá O sao. K có nút 0 sao chứ có là cho O sao rồi. Tụi tao bỏ tiền ra để sử dụng cái app như quần què. Coi thường nhà đầu tư. Qua công ty khác luôn.,Đáng giá O sao,1.0.19
12595277433,3,2025-04-28,0,Haima69,Cần hiển thị báo cáo theo ngày. Báo cáo tài sản không còn hiển thị lãi lỗ trong ngày,Cần hiển thị báo cáo theo ngày,1.0.19
12594329673,1,2025-04-28,0,Traderban,Chán. Giao diện không thân thiện người dùng,Chán,1.0.19
12587264606,3,2025-04-26,0,Dinhtayto,Phần danh mục k dễ xem như bản cũ cần làm lại cho dễ nhìn. Cần cài thiện ngay,Phần danh mục k dễ xem như bản cũ cần làm lại cho dễ nhìn,1.0.19
12586847090,2,2025-04-26,0,biposun,Không thể cập nhật. Không cập nhật được bản mới nhất,Không thể cập nhật,1.0.19
12584030513,1,2025-04-25,0,Henry 161982,"Rất tệ so với app cũ, một cải tiến lùi và quá rườm rà và thiếu giúp cho nhà đầu tư 1 cách tổng quát. Xứng đáng 0 sao","Rất tệ so với app cũ, một cải tiến lùi và quá rườm rà và thiếu giúp cho nhà đầu tư 1 cách tổng quát",1.0.19
12582900822,1,2025-04-25,0,TuanNM4,"Lỗi và lỗi. Phần mềm gì cục gạch vậy, lỗi liên tục, có lúc đứng hình không cập nhật, phải thoát ra đăng nhập lại :(",Lỗi và lỗi,1.0.18
12579527340,3,2025-04-24,0,z znznsnks,Giao diện kém. - Màu sắc chữ không sinh động - Cỡ chữ nhỏ,Giao diện kém,1.0.18
12545188081,1,2025-04-15,0,cafeout,Giao diện quá kém. Giao diện và sủ dụng quá kém. Bảng giá hiển thị khi chuyển sang ATC ko phải là giá trc khi chuyển. Đặt lệnh phức tạp.  Nói chung app mới quá kém.,Giao diện quá kém,1.0.17
12529201923,1,2025-04-11,0,Timocaca,App tệ. Chả ra làm sao. Thà để như cũ. Ăn rồi lỗi loading không hiển thị được cái gì chứ đừng nói đặt lệnh.,App tệ,1.0.17
12528242045,1,2025-04-11,0,hdhuqbghhs,UI/UX tệ. Trải nghiệm quá tệ và rối rắm. App bắt authen liên tục khi sử dụng. Tốt nhất là chuyển sang các công ty khác sử dụng và đầu tư.,UI/UX tệ,1.0.17
12525554468,1,2025-04-10,0,Phil_1_,"App không ổn định. Rất hay giật lag trong quá trình đặt lệnh, từ lúc ra tới giờ chưa cải thiện được gì. Đề nghị cho đội dev hiện tại nghỉ việc đi. App không vào được khi thị trường sập, công ty cũng không một lời xin lỗi.  Tạm biệt, mình qua nơi khác tử tế hơn dù phí gd cao hơn chút.",App không ổn định,1.0.16
12524666678,2,2025-04-10,0,uhvujjhjj,Ko thích bản này. Dùng khó hơn bản cũ. Hay đơ,Ko thích bản này,1.0.16
12498292121,1,2025-04-03,0,JungJinHyun,App không hoạt động khi thị trường giảm. App rất tệ hoàn toàn không đăng nhập được khi thị trường bị giảm đột ngột. Nhà đầu tư không thể giao dịch và bị mất tiền oan.,App không hoạt động khi thị trường giảm,1.0.15
12497425888,1,2025-04-03,0,TRIEUNHT,"App chậm, lỗi nhiều, thời gian đợi load lâu. App mới rất chậm nha chê !  Thời gian đời phản hồi cực kỳ lâu.  Lỗi nhiều và hay tự thoát .  App cũ vẫn ngon hơn .  Thanks","App chậm, lỗi nhiều, thời gian đợi load lâu",1.0.15
12496980028,1,2025-04-03,0,khangtdk,Lỗi liên tục,Lỗi liên tục,1.0.15
12457434041,2,2025-03-24,0,camera iphone,"Chi tiết HĐ ký quỹ. Cần hiển thị chi tiết HĐ ký quỹ trong trang Trả tiền HĐ ký quỹ đề tiện tất toán và cơ cấu, vì hiện tại nó nằm trong trang lịch sử vay, rất bất tiện, muốn trả tiền HĐ ở trang trả tiền mà không biết số lượng ck cầm cố là bao nhiêu phải thoát ra rồi vào trang lịch sử vay xem chi tiết HĐ ký quỹ rồi vào lại trang trả tiền lần nữa haizz , rất bất tiện nếu tất toán nhiều nhiều HĐ",Chi tiết HĐ ký quỹ,1.0.12
12457403155,1,2025-03-24,0,PPPP-ONT,"Các chỉ số không cập nhật sát với thị trường. Các anh FPT chăm thu phí chả cập nhật gì, con DXP gì mà P/E cả 1000 lần",Các chỉ số không cập nhật sát với thị trường,1.0.12
12444926829,3,2025-03-21,0,Ạdbbd,"Quá tệ, chậm như rùa. Nên cải tiến","Quá tệ, chậm như rùa. Nên cải tiến",1.0.11
12441617043,3,2025-03-20,0,Cô nàng gà mờ,"Chưa có tính năng báo giá. 1. Mình mong app sẽ cập nhật thêm tính năng báo giá (Price Alerts) 2. Khi click vào xem biểu đồ hơi chậm, đôi lúc không phóng to màn hình xem được, phải thoát ra vào click lại.",Chưa có tính năng báo giá,1.0.11
12443096456,1,2025-03-20,0,TNLCT,Sao không xài bảng điện giống app cũ. Bảng điện mới không gộp hàng trên và dàn hàng ngang rất khó xem.,Sao không xài bảng điện giống app cũ,1.0.11
12441578502,1,2025-03-20,0,0987327621,"Hệ Thống tệ. Đôi khi biểu đồ (fx) không ấn vào được để chính khác biểu đồ khác nhau, ko hiển thị Giao dịch lô lẻ lô chẵn mặc dù 2 hình thức đó giá chênh lệch cao. Giao diện quá cầu kì khó xài hơn app cũ, bây giờ bắt phải chuyển qua apps mới xài có lẽ tôi ko chọn sàn gd này nữa.",Hệ Thống tệ,1.0.11
12421259310,3,2025-03-15,0,anh trai sg bt,"Lỗi hiển thị giá trị thực. Trong phiên giao dịch, giá biến động liên tục nhưng app vẫn hiển thị giá trị ngày cũ, bấm thoát nhiều lần đôi lúc mới ra giá mới rất khó chịu",Lỗi hiển thị giá trị thực,1.0.9
12418951553,3,2025-03-14,0,Hoàng Anh87,"Phần mềm ng.u, đơ. Cty phần mềm hàng đầu nhưng luôn chạy theo sau các cty CK khác về côg nghệ. Bảng điện hay bị đơ k nhận đc giá trực tiếp phải click vào mã mới đc. Giao diện dạng này nhiều cty đã triển khai nhiều năm trc. Mỗi lần bán ck thao tác phức tạp","Phần mềm ng.u, đơ",1.0.9
12419529915,1,2025-03-14,0,Nha dau tu a,Chart. 1. vì k xem được chiều ngang (dài theo điện thoại),Chart,1.0.9
12418688250,3,2025-03-14,0,hondatang,"Góp ý. Bản cập nhật mới chạy chậm hơn sơ với app cũ, màu sắc chưa có điểm nổi bật, các nhóm đầu tư thiết kế khó tìm hơn trước, bản tin và các bài viết của Fpts rất khó lấy. Trên đây là mấy góp ý với nhóm phát triển, hy vọng nhóm phát triển sẽ cải thiện trong tương lai",Góp ý,1.0.9
12418300403,1,2025-03-14,0,Foonamem,"Khó chịu. App rất khoa coi, giao diện rất khó nhìn Mục tài sản, sản số đang sở hữu, giá trị tăng giảm dấu luôn, không thấy được",Khó chịu,1.0.9
12409887657,1,2025-03-12,0,Qtm pro,"Chậm đơ lag. Quá chậm đơ lag, không nên cài, giao dịch ck cần phải nhanh",Chậm đơ lag,1.0.8
12408611044,1,2025-03-11,0,Hai👽,"Làm app quá tệ. Không thay đổi được chart theo khung tuần, tháng khi view ở trang detail",Làm app quá tệ,1.0.8
12407176478,1,2025-03-11,0,tuyennt8,Lỗi. Bị lỗi liên tục. Không thể hiện biến động tăng giảm trong phần tài sản realtime như bản cũ,Lỗi,1.0.8
12403382067,1,2025-03-10,0,Cach den gia,App ngu. Không cập nhật danh mục. Very stupid,App ngu. Không cập nhật danh mục,1.0.7
12392557557,1,2025-03-07,0,Henry0802,"Kém. Phần mềm delay update giá, phải đăng nhập liên tục, giá ở bảng 1 kiểu, bật vào xem chi tiết giá đã ở khúc nào. Cty phần mềm số 1 mà làm cái app tệ hại",Kém,1.0.6
12383699263,3,2025-03-05,0,user911s,Smart OTP. Cần cho phép sync dữ liệu smartOTP giữa app mới và cũ hiện tại muốn sử dụng giao dịch phải qua ứng dụng cũ và lấy otp sau đó qua ứng dụng mới để giao dịch quá phiền phức,Smart OTP,1.0.6
12379720163,1,2025-03-04,0,Doremon126,"App dùng chậm, Giá Load còn sai lệch với App cũ và giá web. Test kỹ app trước khi public. Chưa tốt. Test kỹ lại","App dùng chậm, Giá Load còn sai lệch với App cũ và giá web. Test kỹ app trước khi public",1.0.4
12375734189,1,2025-03-03,0,_MinCuc_,"Không cập nhật tài sản theo thời gian thực. Thua xa app cũ, lãi lỗ danh mục không cập nhật liên tục. Lấy giá của những phiên trước",Không cập nhật tài sản theo thời gian thực,1.0.4
12365182400,3,2025-02-28,2,Góp ý thật,"Phần Danh  mục. Phần danh mục chưa thể hiện được số lượng cp và giá trị, lỗ lãi. Cần thể hiện được như phiên bản cũ chỗ danh mục",Phần Danh  mục,1.0.3
12363270651,1,2025-02-28,1,choixalang,"Quá tệ!. Thiết kế quá rối rắm, thua xa app cũ. Đề nghị giữ nguyên app cũ.",Quá tệ!,1.0.3
12363500062,2,2025-02-28,0,105CDONG73,"Bố cục, màu sắc. Ứng dụng này thua xa ứng dụng cũ, màu sắc rất khó nhìn, ứng dụng cũ nhìn thoáng cái là nhận ra hàng nào, cột nào, còn cái mới rất khó phân biệt","Bố cục, màu sắc",1.0.3
12359643391,2,2025-02-27,1,Mr. Dat,Thiếu quá nhiều tính năng. Không bằng app cũ,Thiếu quá nhiều tính năng,1.0.3
12359717368,5,2025-02-27,0,Cào@,"App mượt mà. Giao diện thông minh, thân thiện",App mượt mà,1.0.3
12359515675,5,2025-02-27,0,biệt danh là gấu,"App mới dễ sử dụng, nhiều tính năng, đẹp. App mới thêm nhiều tính năng mới, mượt mà dễ sử dụng","App mới dễ sử dụng, nhiều tính năng, đẹp",1.0.3
12359142302,5,2025-02-27,0,Tony Ngo1,"Tuyệt. App đẹp, giao diện hiện đại, thân thiện, dễ dùng",Tuyệt,1.0.3
12359130797,5,2025-02-27,0,Ăn ngủ cùng ‘chứng’,Chấm 5*. Phần mềm mới có rất nhiều tính năng hỗ trợ nhà đầu tư chuyên nghiệp như mình.,Chấm 5*,1.0.3
12355609739,3,2025-02-26,0,AndyHCM87,"Khó xem hiệu suất. Hiệu suất từng mã cổ phiếu trong danh mục dạng thẻ rất khó xem và phải cuộn nhiều hơn dạng bảng. Hiệu suất của tổng tài sản theo thời gian vẫn không có thống kê như SSI, Vietcap,. Admin cân nhắc tham khảo phần hiệu suất SSI làm rất chuẩn và trực quan. Cảm ơn FPTS đã lắng nghe.",Khó xem hiệu suất,1.0.3
12356911059,5,2025-02-26,0,h*th,"Tính năng hay. App lột xác luôn, góp ý nên thêm 1 số cảnh báo giá cp, thị trường … cho ai ko canh đc bảng giá",Tính năng hay,1.0.3
12356607142,5,2025-02-26,0,iamnguyenmai,App đẹp. App mới đẹp dễ sử dụng. Có thêm cả widget để theo dõi giá thị trường các mã không cần vào app. Quá tiện 💯,App đẹp,1.0.3
12355779507,5,2025-02-26,0,Unwjxuan,EZTRADE FPTS. EzTrade thực dự nâng cấp trải nghiệm giao dịch. Hi vọng được trải nghiệm thêm nhièu tính năng nữa,EZTRADE FPTS,1.0.3
12355660845,5,2025-02-26,0,D0m đóm,App mới. Đẹp và mượt mà hơn app cũ. Giao diện thân thiện hơn khi tích hợp hết trên một màn hình và đặc biệt đã có thể đăng nhập bằng sinh trắc học. Like 👍,App mới,1.0.3
12355653366,5,2025-02-26,0,Ádfgjkdn,"App tốt. Thiết kế tinh tế, đẹp mắt, không bị rối. Cảm giác dùng rất thích, giống như đang sử dụng một app tài chính cao cấp.",App tốt,1.0.3
12355639139,5,2025-02-26,0,TamTTM,"App mới ok hơn. Cá nhân hóa tốt, mình có thể tự sắp xếp màn hình theo cách mình muốn. Một nâng cấp đáng giá so với app cũ!",App mới ok hơn,1.0.3
12355213166,2,2025-02-26,0,Ken grp,Ko đặt lệnh điều kiện được. Ko thấy nút xác nhận lệnh điều kiện.,Ko đặt lệnh điều kiện được,1.0.3
12355528371,5,2025-02-26,0,Vansix,"App mới xịn xò. Chờ đợi đã lâu sản phẩm của công ty cũng đã lên, xịn xò hơn hẳn",App mới xịn xò,1.0.3
12352861565,3,2025-02-25,1,NguyenThong007,Không thấy bản điện như bản cũ. Bảng điêm đâu?,Không thấy bản điện như bản cũ,1.0.2
12352561341,2,2025-02-25,0,Monkeyo2,"Không tốt. Không hiện thị trực quan các lệnh treo mua bán nhu bản cũ . Chuyển smart otp trên app này , qua app cũ báo sai mật khẩu không giao dịch được",Không tốt,1.0.2
12353282546,5,2025-02-25,0,Pigeon1991,"Tốt. App mới dễ nhìn hơn, vừa dùng web máy tính vừa dùng app trên iphone ko còn cảm giác khó thích nghi như trước",Tốt,1.0.2
12352831404,5,2025-02-25,0,Mon Luu,"Cảm nhận mượt. Giao diện trực quan, phần mềm mượt. Nhưng khó dùng do:  - gom nhiều dữ liệu trình bài nên bị rối và không cần thiết. - Phần đặt lệnh khó theo dõi giá do không hiện bước giá giao dịch.",Cảm nhận mượt,1.0.2
12352268376,4,2025-02-25,0,HP20191,"Hơi khó nhìn so với app cũ, vẫn thích sự đơn giản vừa đủ của app cũ. Hi vọng duy trì cả 2 . Đừng bỏ app cũ. Cám ơn.",Hơi khó nhìn,1.0.2
12352542822,5,2025-02-25,0,Nhienphamm,"Tiện ích. App mới hữu ích, cải tiến, mình thích nhất tuỳ chỉnh theo cá nhân hoá",Tiện ích,1.0.2
12351891919,4,2025-02-25,0,KenntMay,Tính năng cảnh báo online. Ứng dụng nên bổ sung tính năng cảnh báo trực tuyến nhằm hỗ trợ NĐT trong quá trình giao dịch,Tính năng cảnh báo online,1.0.2
12351946155,5,2025-02-25,0,1780sinh,"Oánh giá. Giao diện hiện đại, cho cá nhân hoá nhiều.... Thao tác mượt hơn app cũ",Oánh giá,1.0.2
12351934955,5,2025-02-25,0,MinhNTH_1012,"App mới đẹp. Dễ sử dụng, tích hợp nhiều tích năng",App mới đẹp,1.0.2
12351862872,4,2025-02-25,0,vô danh tiền bối,tuyệt vời. giao diện dễ dùng thân thiện với người dùng nhiều tiện ích hữu ích,tuyệt vời,1.0.2
12351857138,5,2025-02-25,0,Vander3sao,"App đẹp thực sự. App dùng rất mượt, đẹp và thao tác mềm mại không bị giật lag, rất dễ sử dụng",App đẹp thực sự,1.0.2
12351849205,5,2025-02-25,0,alile89136,Giao diện rất bắt mắt. App mới mượt phết cảm thấy trải nghiệm rất tốt khi đầu tư nói chung là mùa tới sẽ làm tí chứng với Eztrade,Giao diện rất bắt mắt,1.0.2
12351807746,5,2025-02-25,0,Tèng nè,"Trải nghiệm rất hay ho và hiện đại. Mới update lên, đúng là 1 nâng cấp lớn của FPTS, rất nhiều cái hay ho và đúng trend.",Trải nghiệm rất hay ho và hiện đại,1.0.2
12351800274,5,2025-02-25,0,Anh Bảy Chọ,.. Chờ mãi giao diện tối.,.,1.0.2
12351761602,3,2025-02-25,0,IT giàu tình cảm,App rất ok. App nhìn rất đẹp nhưng code hơi mệt,App rất ok,1.0.2
12351171094,1,2025-02-25,0,HanhPhamz,"Kém. App quá sơ sài, không cập nhật tài khoản realtime, không có thống kê hiệu suất đầu tư. App thiếu rất nhiều tính năng.",Kém,1.0.2
12349924361,5,2025-02-24,0,Thích cạnh tranh,"Quá tuyệt vời. App dùng mượt, giao diện dễ sử dụng, dễ trade và tra cứu thông tin.",Quá tuyệt vời,1.0.1
12349546238,3,2025-02-24,0,Hieu291289,Giao diện trang chủ không thể khôi phục. Sau khi xóa hết không thể thêm lại các lựa chọn trong nội dung trang chủ,Giao diện trang chủ không thể khôi phục,1.0.1
12348634273,5,2025-02-24,0,phongit168,Xịn hơn app trước. Chưa xài để đặt lệnh nhưng nhìn giao diện xịn hơn và tiện hơn,Xịn hơn app trước,1.0.1
